Actor,Appearances,Avg IMDb Rating,My Avg Rating
Tom Hanks,11,7.736363636363635,7.909090909090909
Leonardo DiCaprio,10,8.1,8.3
Tom Hardy,10,7.409999999999999,7.6
Jake Gyllenhaal,9,7.544444444444445,7.888888888888889
Samuel L. Jackson,9,7.51111111111111,7.666666666666667
Woody Harrelson,9,7.422222222222222,7.333333333333333
Christian Bale,8,8.0625,8.25
Morgan Freeman,8,7.85,7.875
Daniel Radcliffe,8,7.7,7.75
Robert Downey Jr.,8,7.7125,7.75
Mark Ruffalo,8,7.925,7.5
Johnny Depp,8,7.1125,7.25
Stephen Graham,8,7.1,7.25
Will Ferrell,8,6.3375,6.75
Andy Serkis,7,7.742857142857143,8.285714285714286
Matt Damon,7,7.971428571428571,8.285714285714286
Martin Freeman,7,8.014285714285714,8.142857142857142
Gary Oldman,7,7.814285714285715,7.857142857142857
John Lithgow,7,7.314285714285714,7.714285714285714
Benedict Cumberbatch,7,8.114285714285714,7.571428571428571
Josh Brolin,7,7.714285714285714,7.571428571428571
Emily Blunt,7,7.485714285714286,7.428571428571429
Mark Wahlberg,7,6.614285714285714,7.0
Patrick Wilson,7,6.557142857142857,6.571428571428571
Matthew McConaughey,6,8.1,8.833333333333334
Jon Bernthal,6,7.866666666666666,8.166666666666666
Orlando Bloom,6,8.216666666666667,8.166666666666666
Robert De Niro,6,8.0,8.166666666666666
Kevin Spacey,6,7.766666666666667,8.0
Ben Affleck,6,7.5,7.833333333333333
Brad Pitt,6,8.049999999999999,7.833333333333333
Colin Farrell,6,7.533333333333334,7.833333333333333
John Ratzenberger,6,8.216666666666667,7.833333333333333
Hugh Jackman,6,7.883333333333333,7.666666666666667
Jason Clarke,6,7.266666666666667,7.666666666666667
Harry Melling,6,7.783333333333334,7.5
Jamie Foxx,6,7.483333333333333,7.5
Richard Griffiths,6,7.466666666666666,7.5
Rupert Grint,6,7.433333333333334,7.5
Ryan Reynolds,6,7.3500000000000005,7.166666666666667
Cillian Murphy,5,8.6,8.8
Aaron Paul,5,8.26,8.4
Ed Harris,5,7.68,8.4
Michael Caine,5,8.26,8.2
Stellan Skarsgård,5,8.02,8.2
Jared Leto,5,7.38,8.0
Laurence Fishburne,5,7.779999999999999,8.0
Robin Wright,5,7.859999999999999,8.0
Chiwetel Ejiofor,5,7.139999999999999,7.8
Denzel Washington,5,7.140000000000001,7.8
Emma Watson,5,7.7,7.8
Liam Neeson,5,7.539999999999999,7.8
Ralph Fiennes,5,7.8199999999999985,7.8
Richard Armitage,5,7.4,7.8
Seth MacFarlane,5,7.26,7.8
Ethan Hawke,5,7.42,7.6
Ian McKellen,5,7.4,7.6
Scarlett Johansson,5,7.76,7.6
Fiona Shaw,5,7.540000000000001,7.4
Jon Favreau,5,7.76,7.4
Michael Keaton,5,7.540000000000001,7.4
Michelle Williams,5,7.18,7.4
Tom Cruise,5,7.659999999999999,7.4
Zendaya,5,7.76,7.4
Anya Taylor-Joy,5,7.32,7.2
Jesse Plemons,5,7.08,7.2
Miles Teller,5,7.140000000000001,7.2
Vera Farmiga,5,7.220000000000001,7.2
Nicole Kidman,5,6.9,7.0
Willem Dafoe,5,7.4,6.8
Steve Carell,5,6.74,6.6
Dwayne Johnson,5,6.12,6.4
Giancarlo Esposito,4,8.9,9.25
Paul Sparks,4,8.375,8.75
Joseph Gordon-Levitt,4,7.9750000000000005,8.5
Bruce Willis,4,7.4,8.25
Domhnall Gleeson,4,7.725,8.25
Jeffrey Wright,4,7.775,8.25
Jennifer Connelly,4,8.075,8.25
Martin Sheen,4,7.975,8.25
Paul Anderson,4,7.75,8.25
Rachel McAdams,4,8.0,8.25
Sally Field,4,7.4,8.25
Shea Whigham,4,7.975,8.25
Andrew Garfield,4,7.275,8.0
Anthony Hopkins,4,8.05,8.0
Bill Camp,4,8.05,8.0
Cate Blanchett,4,8.0,8.0
Christopher Plummer,4,8.05,8.0
Embeth Davidtz,4,7.425,8.0
Henry Thomas,4,7.825,8.0
Jon Hamm,4,7.975,8.0
Jonah Hill,4,7.625,8.0
Jonathan Banks,4,8.025,8.0
Mark Strong,4,7.5,8.0
Michael Kelly,4,7.275,8.0
Michelle Monaghan,4,7.625,8.0
Daniel Craig,4,7.525,7.75
Graham McTavish,4,7.65,7.75
Michael Shannon,4,7.925,7.75
Carla Gugino,4,7.475,7.5
Chris Hemsworth,4,8.2,7.5
James Franco,4,6.925,7.5
Javier Bardem,4,7.625,7.5
Jude Law,4,7.225,7.5
Ryan Gosling,4,7.6,7.5
Tessa Thompson,4,7.7,7.5
Wallace Shawn,4,8.125,7.5
Bill Hader,4,7.699999999999999,7.25
Giovanni Ribisi,4,7.425,7.25
James Marsden,4,7.125,7.25
James McAvoy,4,7.125,7.25
Jeremy Renner,4,7.825,7.25
Russell Crowe,4,7.35,7.25
Tom Holland,4,7.85,7.25
Alyson Hannigan,4,7.0,7.0
Dave Bautista,4,6.75,7.0
Emma Stone,4,7.15,7.0
Seth Rogen,4,7.074999999999999,7.0
Michael B. Jordan,4,6.699999999999999,6.75
Paul Giamatti,4,6.9,6.75
John C. Reilly,4,6.825,6.5
Paul Rudd,4,7.225,6.5
Eugene Levy,4,6.25,6.25
Billy Boyd,3,8.9,9.0
Bob Odenkirk,3,8.633333333333333,9.0
Sean Astin,3,8.9,9.0
Ben Kingsley,3,7.7,8.666666666666666
Daniel Day-Lewis,3,7.666666666666667,8.666666666666666
Ellen Burstyn,3,8.233333333333333,8.666666666666666
Harrison Ford,3,8.566666666666666,8.666666666666666
Pete Postlethwaite,3,8.266666666666667,8.666666666666666
Sean Bean,3,8.633333333333333,8.666666666666666
Taylor Kitsch,3,8.133333333333333,8.666666666666666
Barry Pepper,3,8.266666666666666,8.333333333333334
Bryan Cranston,3,7.566666666666666,8.333333333333334
Edward Norton,3,8.133333333333333,8.333333333333334
Jeff Daniels,3,7.866666666666667,8.333333333333334
Josh Lucas,3,7.966666666666666,8.333333333333334
Mark Boone Junior,3,8.366666666666667,8.333333333333334
Mark Hamill,3,8.333333333333334,8.333333333333334
Michael Kenneth Williams,3,8.200000000000001,8.333333333333334
Robert Duvall,3,8.299999999999999,8.333333333333334
Scoot McNairy,3,7.599999999999999,8.333333333333334
Tamara Tunie,3,7.633333333333333,8.333333333333334
Ted Levine,3,8.2,8.333333333333334
Tim Roth,3,8.333333333333334,8.333333333333334
Aidan Turner,3,7.666666666666667,8.0
Al Pacino,3,8.166666666666666,8.0
Bonnie Wright,3,7.666666666666667,8.0
Chris Pratt,3,8.066666666666666,8.0
Daniel Brühl,3,8.1,8.0
Dean O'Gorman,3,7.666666666666667,8.0
Geraldine James,3,7.6000000000000005,8.0
Idris Elba,3,7.566666666666667,8.0
James Nesbitt,3,7.666666666666667,8.0
Joaquin Phoenix,3,7.666666666666667,8.0
John Carroll Lynch,3,7.7,8.0
Karin Konoval,3,7.533333333333334,8.0
Karl Urban,3,7.633333333333333,8.0
Keira Knightley,3,7.833333333333333,8.0
Kelly Reilly,3,7.433333333333334,8.0
Ken Stott,3,7.666666666666667,8.0
Kirsten Dunst,3,7.766666666666667,8.0
Paul Dano,3,7.8,8.0
Rami Malek,3,7.366666666666667,8.0
Sala Baker,3,7.866666666666667,8.0
Sam Worthington,3,7.833333333333333,8.0
Sonoya Mizuno,3,7.6000000000000005,8.0
Stephen Hunter,3,7.666666666666667,8.0
Taron Egerton,3,7.3,8.0
Terry Notary,3,7.533333333333334,8.0
Titus Welliver,3,7.866666666666667,8.0
William Kircher,3,7.666666666666667,8.0
Zoë Kravitz,3,7.466666666666666,8.0
Alfred Molina,3,7.033333333333332,7.666666666666667
Amy Poehler,3,7.433333333333333,7.666666666666667
Ben Mendelsohn,3,7.166666666666667,7.666666666666667
Benicio Del Toro,3,7.766666666666667,7.666666666666667
Carmen Ejogo,3,7.3,7.666666666666667
Chloë Sevigny,3,7.7,7.666666666666667
Chris Cooper,3,7.5,7.666666666666667
Connie Nielsen,3,7.3999999999999995,7.666666666666667
Daniel Mays,3,7.266666666666666,7.666666666666667
Don Rickles,3,8.166666666666666,7.666666666666667
Henry Cavill,3,6.8,7.666666666666667
Jack Davenport,3,7.733333333333333,7.666666666666667
Joel Kinnaman,3,7.166666666666667,7.666666666666667
Nick Offerman,3,7.6000000000000005,7.666666666666667
Noah Jupe,3,7.666666666666667,7.666666666666667
Oscar Isaac,3,7.5,7.666666666666667
Patrick Warburton,3,7.1000000000000005,7.666666666666667
RZA,3,7.233333333333333,7.666666666666667
Rooney Mara,3,7.633333333333333,7.666666666666667
Sandra Bullock,3,7.1000000000000005,7.666666666666667
Stanley Tucci,3,7.066666666666666,7.666666666666667
Steve Buscemi,3,8.333333333333334,7.666666666666667
Tim Allen,3,8.166666666666666,7.666666666666667
Aaron Taylor-Johnson,3,7.133333333333333,7.333333333333333
Adam Scott,3,7.433333333333334,7.333333333333333
Amy Adams,3,7.5,7.333333333333333
Barry Keoghan,3,7.533333333333334,7.333333333333333
Bill Smitrovich,3,6.933333333333334,7.333333333333333
Bradley Cooper,3,7.266666666666667,7.333333333333333
Chadwick Boseman,3,8.033333333333333,7.333333333333333
Chris Evans,3,8.233333333333334,7.333333333333333
David Harbour,3,7.166666666666667,7.333333333333333
Forest Whitaker,3,7.6000000000000005,7.333333333333333
J.K. Simmons,3,7.733333333333333,7.333333333333333
Jim Broadbent,3,7.333333333333333,7.333333333333333
Jonathan Pryce,3,7.066666666666666,7.333333333333333
Kathryn Hahn,3,7.033333333333334,7.333333333333333
Mila Kunis,3,7.366666666666667,7.333333333333333
Mélanie Laurent,3,7.5,7.333333333333333
Nathan Fillion,3,6.6000000000000005,7.333333333333333
Victoria Pedretti,3,7.866666666666667,7.333333333333333
Zach Galifianakis,3,6.766666666666667,7.333333333333333
Brian Cox,3,7.066666666666666,7.0
Channing Tatum,3,6.633333333333333,7.0
Christopher McDonald,3,6.233333333333333,7.0
Craig T. Nelson,3,7.166666666666667,7.0
Edgar Ramírez,3,7.233333333333333,7.0
Fred Willard,3,7.266666666666667,7.0
Geoffrey Rush,3,7.066666666666666,7.0
Guy Pearce,3,7.7,7.0
Jacob Batalon,3,7.666666666666667,7.0
Jennifer Lawrence,3,7.466666666666666,7.0
Jeremy Irons,3,7.1000000000000005,7.0
Michael Peña,3,6.8999999999999995,7.0
Ray Liotta,3,7.566666666666666,7.0
Toby Kebbell,3,6.433333333333334,7.0
Garret Dillahunt,3,6.633333333333333,6.666666666666667
Jason Momoa,3,6.8999999999999995,6.666666666666667
Jesse Eisenberg,3,7.066666666666666,6.666666666666667
Kevin McNally,3,6.833333333333333,6.666666666666667
Sofía Vergara,3,6.366666666666667,6.666666666666667
T.J. Miller,3,6.5,6.666666666666667
Halle Berry,3,6.3999999999999995,6.333333333333333
Jason Biggs,3,6.566666666666666,6.333333333333333
Patrick Stewart,3,6.3,6.333333333333333
Thomas Ian Nicholas,3,6.566666666666666,6.333333333333333
Ray Stevenson,3,6.066666666666666,5.666666666666667
Josh Hutcherson,3,6.533333333333334,5.333333333333333
Adelaide Clemens,2,7.35,9.0
Charlie Hunnam,2,8.15,9.0
Dean Norris,2,7.9,9.0
Ewan McGregor,2,7.800000000000001,9.0
James Remar,2,8.55,9.0
Jeffrey DeMunn,2,8.8,9.0
John Bach,2,8.9,9.0
Julia Garner,2,8.2,9.0
Lorraine Bracco,2,8.95,9.0
Mahershala Ali,2,8.75,9.0
Michelle Dockery,2,8.0,9.0
Noel Appleby,2,8.95,9.0
Pedro Pascal,2,8.649999999999999,9.0
Phyllis Smith,2,8.55,9.0
Rory Culkin,2,7.7,9.0
Adam David Thompson,2,7.3999999999999995,8.5
Adam Goldberg,2,8.399999999999999,8.5
Alec Guinness,2,8.649999999999999,8.5
Allison Tolman,2,7.25,8.5
Angela Sarafyan,2,7.6,8.5
Anne Hathaway,2,8.55,8.5
Anthony Daniels,2,8.649999999999999,8.5
BD Wong,2,8.3,8.5
Bob Gunton,2,8.25,8.5
Carrie Fisher,2,8.649999999999999,8.5
Casey Affleck,2,7.95,8.5
Charlie Day,2,7.8500000000000005,8.5
Charlize Theron,2,7.8,8.5
Christoph Waltz,2,8.45,8.5
Christopher Meloni,2,7.9,8.5
Dana Gourrier,2,8.15,8.5
David Prowse,2,8.649999999999999,8.5
Dermot Crowley,2,7.4,8.5
Desmond Harrington,2,8.35,8.5
Finn Cole,2,8.45,8.5
Frank Oz,2,8.399999999999999,8.5
Gillian Anderson,2,8.3,8.5
Giorgia Whigham,2,8.15,8.5
Heath Ledger,2,8.35,8.5
Jackie Earle Haley,2,7.75,8.5
Jefferson Hall,2,7.800000000000001,8.5
Joe Pesci,2,8.25,8.5
John Hawkes,2,7.55,8.5
John Krasinski,2,8.25,8.5
John Slattery,2,8.399999999999999,8.5
John Turturro,2,8.1,8.5
Kate Siegel,2,8.2,8.5
Kenny Baker,2,8.649999999999999,8.5
Lyndsy Fonseca,2,7.95,8.5
Maggie Siff,2,8.4,8.5
Marion Cotillard,2,8.600000000000001,8.5
Mark Lewis Jones,2,7.050000000000001,8.5
Marlon Brando,2,8.8,8.5
Marton Csokas,2,8.1,8.5
Melissa Benoist,2,8.2,8.5
Michael C. Hall,2,7.9,8.5
Michael Imperioli,2,7.949999999999999,8.5
Neil Patrick Harris,2,8.2,8.5
Paul Bettany,2,7.3999999999999995,8.5
Paul Walter Hauser,2,8.3,8.5
Peter Mayhew,2,8.649999999999999,8.5
Piper Perabo,2,7.95,8.5
Rebecca Hall,2,8.0,8.5
Rhys Ifans,2,7.6000000000000005,8.5
Richard Ridings,2,8.05,8.5
Richmond Arquette,2,8.25,8.5
Ron Perlman,2,8.15,8.5
Rory Kinnear,2,7.65,8.5
Sarah Chalke,2,8.75,8.5
Scott Glenn,2,8.2,8.5
Scott Grimes,2,8.100000000000001,8.5
Sophie Rundle,2,8.35,8.5
Stephen Dorff,2,7.9,8.5
Steve Zahn,2,7.65,8.5
Tantoo Cardinal,2,7.8999999999999995,8.5
Thomas Coombes,2,7.050000000000001,8.5
Timothée Chalamet,2,8.35,8.5
Tom Berenger,2,8.3,8.5
Tommy Lee Jones,2,7.75,8.5
Walton Goggins,2,8.15,8.5
Adam Sandler,2,7.35,8.0
Adrian Rawlins,2,7.7,8.0
Aloma Wright,2,8.4,8.0
Amanda Abbington,2,8.15,8.0
Amy Ryan,2,7.3,8.0
Anna Torv,2,8.649999999999999,8.0
Annie Potts,2,8.100000000000001,8.0
Anthony Edwards,2,7.5,8.0
Bob Peterson,2,8.2,8.0
Bonnie Hunt,2,7.65,8.0
Brendan Fraser,2,7.6,8.0
Bruce McGill,2,7.4,8.0
Cameron Diaz,2,7.7,8.0
Carrie Coon,2,7.949999999999999,8.0
Carrie-Anne Moss,2,8.55,8.0
Catherine O'Hara,2,7.699999999999999,8.0
Chloe Pirrie,2,8.0,8.0
Chris Parnell,2,8.1,8.0
Colin Firth,2,7.949999999999999,8.0
David Morse,2,8.05,8.0
David Strathairn,2,7.25,8.0
Eddie Marsan,2,7.5,8.0
Edi Gathegi,2,7.699999999999999,8.0
Eric Stonestreet,2,7.4,8.0
Eugenie Bondurant,2,7.550000000000001,8.0
Evan Peters,2,7.699999999999999,8.0
Frank Grillo,2,8.05,8.0
Geraldine Somerville,2,7.75,8.0
Griffin Dunne,2,7.1,8.0
Hannah John-Kamen,2,7.949999999999999,8.0
Hugh Grant,2,7.6,8.0
Hugo Weaving,2,8.399999999999999,8.0
Jack Huston,2,7.949999999999999,8.0
Jack Quaid,2,8.1,8.0
Jared Harris,2,8.350000000000001,8.0
Jason Bateman,2,7.7,8.0
Jennifer Garner,2,7.75,8.0
Jim Cummings,2,8.2,8.0
Jim Varney,2,8.100000000000001,8.0
Joanna Lumley,2,7.5,8.0
Jodie Foster,2,7.699999999999999,8.0
Joe Pantoliano,2,8.55,8.0
Joely Richardson,2,7.9,8.0
John C. McGinley,2,8.25,8.0
Julie Walters,2,7.65,8.0
Kal Penn,2,8.05,8.0
Keanu Reeves,2,8.1,8.0
Kelly Macdonald,2,8.399999999999999,8.0
Kristen Wiig,2,8.0,8.0
Laz Alonso,2,8.3,8.0
Lily James,2,7.45,8.0
Mackenzie Foy,2,8.1,8.0
Margot Robbie,2,7.8999999999999995,8.0
Max von Sydow,2,7.8999999999999995,8.0
Melanie Lynskey,2,7.8999999999999995,8.0
Michael Gambon,2,7.85,8.0
Natalie Portman,2,6.949999999999999,8.0
Noah Segan,2,7.25,8.0
Noomi Rapace,2,6.9,8.0
Olivia Wilde,2,8.399999999999999,8.0
Pierfrancesco Favino,2,7.4,8.0
Rahul Kohli,2,7.65,8.0
Rebecca Ferguson,2,7.75,8.0
Richard E. Grant,2,7.5,8.0
Riz Ahmed,2,7.5,8.0
Robert Sean Leonard,2,8.399999999999999,8.0
T'Nia Miller,2,7.65,8.0
Thomas Brodie-Sangster,2,8.35,8.0
Tobey Maguire,2,7.25,8.0
Wentworth Miller,2,7.300000000000001,8.0
William Houston,2,7.449999999999999,8.0
Zac Efron,2,7.1,8.0
Zazie Beetz,2,7.95,8.0
Allison Janney,2,7.5,7.5
Ana de Armas,2,7.95,7.5
Andrew Howard,2,7.35,7.5
Andrew Kevin Walker,2,7.699999999999999,7.5
Anna Kendrick,2,7.449999999999999,7.5
Annette Bening,2,7.550000000000001,7.5
Ben Foster,2,6.75,7.5
Bill Nighy,2,7.550000000000001,7.5
Bill Paxton,2,7.85,7.5
Bob Stephenson,2,6.95,7.5
Brendan Gleeson,2,7.7,7.5
Brian Geraghty,2,7.4,7.5
Brianna Hildebrand,2,7.8,7.5
Bruce Dern,2,7.699999999999999,7.5
Campbell Scott,2,6.75,7.5
Christopher Mintz-Plasse,2,7.6,7.5
Clark Duke,2,7.05,7.5
Cliff Curtis,2,7.5,7.5
Dafne Keen,2,7.85,7.5
Danai Gurira,2,7.699999999999999,7.5
Debra Monk,2,7.75,7.5
Diane Lane,2,7.3,7.5
Don Cheadle,2,8.4,7.5
Donald Faison,2,7.45,7.5
Elliott Gould,2,8.7,7.5
Elodie Yung,2,6.300000000000001,7.5
Emmett J Scanlan,2,7.0,7.5
Ewen Bremner,2,7.75,7.5
Fred Thompson,2,7.3,7.5
Greg Kinnear,2,7.199999999999999,7.5
Gwyneth Paltrow,2,8.0,7.5
Harvey Keitel,2,8.05,7.5
Henry Golding,2,6.6,7.5
Irrfan Khan,2,6.550000000000001,7.5
James Phelps,2,7.550000000000001,7.5
January Jones,2,7.5,7.5
Jason Segel,2,7.7,7.5
Jeffrey Tambor,2,7.5,7.5
Jennifer Jason Leigh,2,7.3,7.5
Jessica Biel,2,7.25,7.5
Joan Cusack,2,8.100000000000001,7.5
Jodie Comer,2,7.199999999999999,7.5
John Morris,2,8.3,7.5
Karan Soni,2,7.8,7.5
Keith David,2,7.75,7.5
Ken Jeong,2,7.050000000000001,7.5
Kevin Corrigan,2,8.05,7.5
Klea Scott,2,7.55,7.5
Lashana Lynch,2,7.05,7.5
Lee Arenberg,2,7.75,7.5
Linda Cardellini,2,6.6,7.5
Mackenzie Crook,2,7.75,7.5
Madelyn Cline,2,7.3,7.5
Matt Ross,2,8.05,7.5
Matthew Modine,2,7.75,7.5
Michael Fassbender,2,8.05,7.5
Michael Madsen,2,8.05,7.5
Michael Stuhlbarg,2,8.25,7.5
Morris Chestnut,2,6.6,7.5
Nicholas Hoult,2,7.65,7.5
Nikki Amuka-Bird,2,7.25,7.5
Oliver Jackson-Cohen,2,7.95,7.5
Penélope Cruz,2,7.15,7.5
Peter Sarsgaard,2,7.3,7.5
Raúl Esparza,2,7.4,7.5
Reese Witherspoon,2,7.35,7.5
Richard Jenkins,2,7.35,7.5
Rosamund Pike,2,7.65,7.5
Samantha Morton,2,7.4,7.5
Sigourney Weaver,2,8.15,7.5
Stephen McKinley Henderson,2,7.5,7.5
Theo Rossi,2,7.15,7.5
Tom Glynn-Carney,2,7.55,7.5
Viola Davis,2,7.699999999999999,7.5
Wes Bentley,2,7.75,7.5
Will Poulter,2,7.55,7.5
Yul Vazquez,2,7.25,7.5
Zoe Saldana,2,8.15,7.5
Abigail Breslin,2,7.1,7.0
Adeel Akhtar,2,6.65,7.0
Alexandra Daddario,2,6.0,7.0
Angourie Rice,2,7.4,7.0
Anna Paquin,2,7.6,7.0
Anthony Mackie,2,6.95,7.0
Benedict Wong,2,7.5,7.0
Bobby Cannavale,2,7.25,7.0
Daniel Kaluuya,2,7.5,7.0
David Wenham,2,6.7,7.0
Djimon Hounsou,2,6.949999999999999,7.0
Donald Sutherland,2,7.45,7.0
Eddie Redmayne,2,6.85,7.0
Elizabeth McGovern,2,6.949999999999999,7.0
Felicity Jones,2,6.4,7.0
Gal Gadot,2,6.9,7.0
Holly Hunter,2,7.25,7.0
Hong Chau,2,7.4,7.0
Hugo Armstrong,2,6.85,7.0
Italia Ricci,2,6.35,7.0
Jason Sudeikis,2,6.5,7.0
Jeffrey Donovan,2,7.4,7.0
Jennifer Aniston,2,7.9,7.0
Jessica Barth,2,6.6,7.0
Jessica Chastain,2,7.6,7.0
Joe Lo Truglio,2,8.0,7.0
Joey King,2,7.4,7.0
John Bradley,2,7.1499999999999995,7.0
John Leguizamo,2,7.1,7.0
Kaya Scodelario,2,7.25,7.0
Kevin Bacon,2,7.25,7.0
Kevin Hart,2,6.65,7.0
Leslie Uggams,2,7.6,7.0
Liam Hemsworth,2,7.35,7.0
Luna Lauren Velez,2,7.3,7.0
Margaret Qualley,2,7.5,7.0
Marisa Tomei,2,7.4,7.0
Matt Walsh,2,6.7,7.0
Mena Suvari,2,7.3500000000000005,7.0
Michael Beach,2,7.3,7.0
Morena Baccarin,2,7.6,7.0
Naomie Harris,2,6.6,7.0
Natalie Martinez,2,7.0,7.0
Omari Hardwick,2,6.949999999999999,7.0
Paul Adelstein,2,7.75,7.0
Paula Malcomson,2,7.35,7.0
Rose Byrne,2,7.2,7.0
Sandra Ellis Lafferty,2,7.35,7.0
Shannon Kook,2,6.9,7.0
Tony Revolori,2,7.8,7.0
Tony Shalhoub,2,6.550000000000001,7.0
Will Yun Lee,2,7.0,7.0
Willow Shields,2,7.35,7.0
Yahya Abdul-Mateen II,2,7.15,7.0
Andrew Koji,2,6.35,6.5
Archie Madekwe,2,7.1,6.5
Catherine Keener,2,7.1,6.5
Chris Klein,2,6.7,6.5
Christina Applegate,2,6.699999999999999,6.5
Dane DeHaan,2,6.9,6.5
David Koechner,2,6.699999999999999,6.5
Dolph Lundgren,2,6.65,6.5
Elizabeth Banks,2,7.15,6.5
Hiroyuki Sanada,2,6.55,6.5
Ian McShane,2,6.5,6.5
Jason Mantzoukas,2,5.55,6.5
Jonathan Groff,2,7.35,6.5
Kate Mara,2,6.15,6.5
Natasha Lyonne,2,6.7,6.5
Peggy Lu,2,6.25,6.5
Phylicia Rashad,2,6.949999999999999,6.5
Reg E. Cathey,2,6.449999999999999,6.5
Reid Scott,2,6.25,6.5
Retta,2,7.699999999999999,6.5
Russell Brand,2,6.8,6.5
Shannon Elizabeth,2,6.7,6.5
Stephen Lang,2,6.9,6.5
Takehiro Hira,2,6.25,6.5
Toby Jones,2,6.45,6.5
Alden Ehrenreich,2,7.1000000000000005,6.0
Amber Heard,2,7.15,6.0
Chris Owen,2,6.0,6.0
Eddie Kaye Thomas,2,6.35,6.0
Jake Siegel,2,5.199999999999999,6.0
Jason Statham,2,6.35,6.0
Jennifer Coolidge,2,5.2,6.0
John White,2,5.199999999999999,6.0
Seann William Scott,2,6.35,6.0
Jesse Tyler Ferguson,2,7.2,5.5
Keri Russell,2,6.75,5.5
Patrick Fugit,2,6.949999999999999,5.5
Amanda Plummer,1,8.9,10.0
Angela Kinsey,1,9.0,10.0
Anna Gunn,1,9.5,10.0
Artemis Pebdani,1,8.8,10.0
Betsy Brandt,1,9.5,10.0
Billy Bob Thornton,1,8.9,10.0
Bokeem Woodbine,1,8.9,10.0
Brad Mann,1,8.9,10.0
Brian Baumgartner,1,9.0,10.0
Burr Steers,1,8.9,10.0
Béatrice Macola,1,9.0,10.0
Caroline Goodall,1,9.0,10.0
Clancy Brown,1,9.3,10.0
Colin Hanks,1,8.9,10.0
Creed Bratton,1,9.0,10.0
Danny DeVito,1,8.8,10.0
David Hornsby,1,8.8,10.0
Frank Whaley,1,8.9,10.0
Gil Bellows,1,9.3,10.0
Glenn Howerton,1,8.8,10.0
James Whitmore,1,9.3,10.0
Jason Schwartzman,1,8.9,10.0
Jenna Fischer,1,9.0,10.0
John Travolta,1,8.9,10.0
Jonathan Sagall,1,9.0,10.0
Kaitlin Olson,1,8.8,10.0
Kate Flannery,1,9.0,10.0
Larry Brandenburg,1,9.3,10.0
Laura Lovelace,1,8.9,10.0
Leslie David Baker,1,9.0,10.0
Lynne Marie Stewart,1,8.8,10.0
Malgorzata Gebel,1,9.0,10.0
Mark Ivanir,1,9.0,10.0
Mark Rolston,1,9.3,10.0
Mary Elizabeth Ellis,1,8.8,10.0
Oscar Nuñez,1,9.0,10.0
Phil LaMarr,1,8.9,10.0
RJ Mitte,1,9.5,10.0
Rainn Wilson,1,9.0,10.0
Rob McElhenney,1,8.8,10.0
Russell Harvard,1,8.9,10.0
Sandy Martin,1,8.8,10.0
Shmuel Levy,1,9.0,10.0
Steven Michael Quezada,1,9.5,10.0
Tim Robbins,1,9.3,10.0
Ving Rhames,1,8.9,10.0
William Sadler,1,9.3,10.0
Aaron Abrams,1,8.5,9.0
Aaron Eckhart,1,9.0,9.0
Aaron Staton,1,8.7,9.0
Abbey Lee,1,8.1,9.0
Adrian Dunbar,1,8.7,9.0
Adrien Brody,1,8.5,9.0
Aida Turturro,1,9.2,9.0
Aiysha Hart,1,8.7,9.0
Alan Howard,1,8.9,9.0
Albert Hall,1,8.4,9.0
Alec Sulkin,1,8.1,9.0
Alex Borstein,1,8.1,9.0
Alfie Allen,1,9.2,9.0
Ali Astin,1,9.0,9.0
Allen Leech,1,8.0,9.0
Amanda Root,1,7.7,9.0
Amara Karan,1,8.4,9.0
Amber Rose Revah,1,8.4,9.0
Amitabh Bachchan,1,7.2,9.0
Amy Warren,1,7.7,9.0
Andrea Riseborough,1,7.9,9.0
Andreas Pietschmann,1,8.7,9.0
Anthony Heald,1,8.6,9.0
Anthony Rapp,1,8.2,9.0
Antony Starr,1,8.7,9.0
Ashley Dyke,1,8.1,9.0
Bailee Madison,1,7.1,9.0
Barry Del Sherman,1,8.2,9.0
Bella Ramsey,1,8.7,9.0
Ben Barnes,1,8.4,9.0
Bill Irwin,1,8.7,9.0
Billy Dee Williams,1,8.7,9.0
Billy Howle,1,7.5,9.0
Bob Penny,1,8.8,9.0
Boris McGiver,1,8.6,9.0
Brad Dourif,1,8.8,9.0
Brendan Rozario,1,8.7,9.0
Brendan Wayne,1,8.6,9.0
Brett Cullen,1,8.3,9.0
Brooke Smith,1,8.6,9.0
Bruce Allpress,1,8.8,9.0
Bruce Greenwood,1,7.9,9.0
Bryan Batt,1,8.1,9.0
Bryant Gumbel,1,7.8,9.0
C.S. Lee,1,8.6,9.0
Caitríona Balfe,1,8.1,9.0
Cameron Zeigler,1,8.1,9.0
Carey Mulligan,1,7.1,9.0
Carl Weathers,1,8.6,9.0
Caroline Dhavernas,1,8.5,9.0
Carson Holmes,1,8.5,9.0
Chace Crawford,1,8.7,9.0
Charles Dance,1,8.0,9.0
Charles Napier,1,8.6,9.0
Charlie Tahan,1,8.5,9.0
Chazz Palminteri,1,8.5,9.0
Chidi Ajufo,1,7.8,9.0
Chris Bartlett,1,8.6,9.0
Christina Cabot,1,8.8,9.0
Christina Hendricks,1,8.7,9.0
Christina Robinson,1,8.6,9.0
Chuck Low,1,8.7,9.0
Clifton Collins Jr.,1,7.1,9.0
Cobie Smulders,1,8.3,9.0
Cole Hauser,1,8.3,9.0
Colleen McCauley,1,8.3,9.0
Collette Wolfe,1,8.7,9.0
Craig Parkinson,1,8.7,9.0
Cristin Milioti,1,8.3,9.0
Daisy Edgar-Jones,1,7.5,9.0
Dallas Roberts,1,7.9,9.0
Dan Harmon,1,9.1,9.0
Dan Hedaya,1,8.5,9.0
Daniel Davis,1,8.5,9.0
Dann Florek,1,8.1,9.0
Danny Kirrane,1,7.7,9.0
Danny Smith,1,8.1,9.0
David Andrews,1,8.8,9.0
David Aston,1,9.0,9.0
David Bowie,1,8.5,9.0
David Henrie,1,8.3,9.0
David Labrava,1,8.5,9.0
David Oyelowo,1,8.7,9.0
David Steen,1,8.5,9.0
David Zayas,1,8.6,9.0
Dayton Callie,1,8.5,9.0
Demore Barnes,1,7.9,9.0
Denis O'Hare,1,7.9,9.0
Denise Gough,1,7.5,9.0
Dennis Christopher,1,8.5,9.0
Dennis Hopper,1,8.4,9.0
Derek Cecil,1,8.6,9.0
Diane Baker,1,8.6,9.0
Dickie Gravois,1,8.1,9.0
Dileep Rao,1,8.8,9.0
Dillon Freasier,1,8.2,9.0
Dina Parr,1,7.8,9.0
Dominic Chianese,1,9.2,9.0
Donna Duplantier,1,7.9,9.0
Doug Hutchison,1,8.6,9.0
Duane Howard,1,8.0,9.0
Dwight Henry,1,8.1,9.0
Ebon Moss-Bachrach,1,8.4,9.0
Ed Stoppard,1,8.5,9.0
Edie Falco,1,9.2,9.0
Elisabeth Moss,1,8.7,9.0
Elliot Page,1,8.8,9.0
Emilia Clarke,1,9.2,9.0
Emilia Fox,1,8.5,9.0
Emily Swallow,1,8.6,9.0
Emma D'Arcy,1,8.3,9.0
Erin Moriarty,1,8.7,9.0
Evan Rachel Wood,1,8.5,9.0
Fabien Frankel,1,8.3,9.0
Floriana Lima,1,8.4,9.0
Forrest Goodluck,1,8.0,9.0
Frances Conroy,1,8.3,9.0
Francis X. McCarthy,1,8.7,9.0
Frank Aldridge,1,7.2,9.0
Frank Finlay,1,8.5,9.0
Frank Sivero,1,8.7,9.0
Frank Vincent,1,8.7,9.0
Frederic Forrest,1,8.4,9.0
G.D. Spradlin,1,8.4,9.0
Gabriel Byrne,1,8.5,9.0
Gabriel Luna,1,8.7,9.0
Geoff Pierson,1,8.6,9.0
George Clooney,1,7.7,9.0
George Kelly,1,8.8,9.0
George Maguire,1,8.8,9.0
Glenn Fleshler,1,8.3,9.0
Graham Greene,1,8.6,9.0
Gregory Piper,1,8.7,9.0
Hal Holbrook,1,7.3,9.0
Harold G. Herthum,1,8.8,9.0
Harrison Taylor,1,8.2,9.0
Harry Kirton,1,8.7,9.0
Helen McCrory,1,8.7,9.0
Helena Bonham Carter,1,8.8,9.0
Hettienne Park,1,8.5,9.0
Hugh Dancy,1,8.5,9.0
Hugh Keays-Byrne,1,8.1,9.0
Iain Glen,1,9.2,9.0
Ian Peck,1,8.7,9.0
Ice-T,1,8.1,9.0
Indira Varma,1,8.4,9.0
JJ Feild,1,8.1,9.0
Jack O'Connell,1,8.2,9.0
Jacob Stringer,1,8.2,9.0
Jaime Ray Newman,1,8.4,9.0
James Cromwell,1,8.6,9.0
James Gandolfini,1,9.2,9.0
James Northcote,1,8.0,9.0
James Spader,1,7.3,9.0
Jamie-Lynn Sigler,1,9.2,9.0
Janet Sarno,1,8.3,9.0
Jason Gray-Stanford,1,8.2,9.0
Jason R. Moore,1,8.4,9.0
Jayne Atkinson,1,8.6,9.0
Jean Dujardin,1,8.2,9.0
Jeannie Berlin,1,8.4,9.0
Jed Brophy,1,8.8,9.0
Jennifer Carpenter,1,8.6,9.0
Jeremy Strong,1,7.8,9.0
Jessica Frances Dukes,1,8.5,9.0
Jessica Gunning,1,7.7,9.0
Jessica Kate Meyer,1,8.5,9.0
Jessie T. Usher,1,8.7,9.0
Joanne Gordon,1,8.3,9.0
Joe Nieves,1,8.3,9.0
Joe Williamson,1,8.1,9.0
John Gowans,1,8.3,9.0
John Mighton,1,8.3,9.0
John Randall,1,8.8,9.0
John Viener,1,8.1,9.0
Jordana Spiro,1,8.5,9.0
Joseph Mussey,1,8.2,9.0
Josh Helman,1,8.1,9.0
Josh Pais,1,8.3,9.0
Josh Radnor,1,8.3,9.0
Josh Stewart,1,8.4,9.0
Joshua Burge,1,8.0,9.0
Judd Hirsch,1,8.2,9.0
Julia Rayner,1,8.5,9.0
Julie Benz,1,8.6,9.0
Justin Doescher,1,8.6,9.0
Justin Roiland,1,9.1,9.0
Jördis Triebel,1,8.7,9.0
Kacey Rohl,1,8.5,9.0
Kaitlyn Dever,1,8.7,9.0
Karen Fukuhara,1,8.7,9.0
Kari Wahlgren,1,9.1,9.0
Karoline Eichhorn,1,8.7,9.0
Kasi Lemmons,1,8.6,9.0
Katee Sackhoff,1,8.6,9.0
Katey Sagal,1,8.5,9.0
Kayli Carter,1,8.2,9.0
Keeley Hawes,1,8.7,9.0
Kelli Giddish,1,8.1,9.0
Kelsey Scott,1,8.1,9.0
Ken Watanabe,1,8.8,9.0
Kerry Condon,1,9.0,9.0
Kerry Washington,1,8.5,9.0
Kevin Pollak,1,8.5,9.0
Kevin Rankin,1,7.9,9.0
Kiernan Shipka,1,8.7,9.0
Kim Coates,1,8.5,9.0
Kit Harington,1,9.2,9.0
Kobi Frumer,1,8.4,9.0
Kristoffer Joner,1,8.0,9.0
Kurt Egyiawan,1,8.3,9.0
Kurt Koehler,1,8.3,9.0
Kyle Chandler,1,8.2,9.0
Lamar Johnson,1,8.7,9.0
Lara Jean Chorostecki,1,8.5,9.0
Lateef Crowder,1,8.6,9.0
Laura Linney,1,8.5,9.0
Leigh Gill,1,8.3,9.0
Leilani Shiu,1,8.6,9.0
Lena Headey,1,9.2,9.0
Lisa Adam,1,7.2,9.0
Lisa Emery,1,8.5,9.0
Lisa Vicari,1,8.7,9.0
Louis Hofmann,1,8.7,9.0
Louise Lasser,1,8.3,9.0
Luke Hemsworth,1,8.5,9.0
Lyne Renée,1,7.8,9.0
Macon Blair,1,8.3,9.0
Mads Mikkelsen,1,8.5,9.0
Maggie Gyllenhaal,1,9.0,9.0
Maisie Williams,1,9.2,9.0
Maja Schöne,1,8.7,9.0
Mal Day,1,7.2,9.0
Marcia Jean Kurtz,1,8.3,9.0
Mare Winningham,1,7.1,9.0
Margo Moorer,1,8.8,9.0
Mariska Hargitay,1,8.1,9.0
Mark Margolis,1,9.0,9.0
Marlon Wayans,1,8.3,9.0
Marshall Manesh,1,8.3,9.0
Martin Compston,1,8.7,9.0
Martin Stringer,1,8.2,9.0
Mary McDonnell,1,7.9,9.0
Matt Mercier,1,8.3,9.0
Matt Smith,1,8.3,9.0
Matthew Beard,1,8.0,9.0
Matthew Braden Stringer,1,8.2,9.0
Matthew Goode,1,8.0,9.0
Matthew Needham,1,8.3,9.0
Maureen Lipman,1,8.5,9.0
Maurice LaMarche,1,9.1,9.0
Max Cullen,1,7.2,9.0
Maya Sondhi,1,8.7,9.0
Meat Loaf,1,8.8,9.0
Melanie Nicholls-King,1,8.1,9.0
Melaw Nakehk'o,1,8.0,9.0
Merritt Wever,1,8.2,9.0
Michael Clarke Duncan,1,8.6,9.0
Michael Conner Humphreys,1,8.8,9.0
Michael Jeter,1,8.6,9.0
Michael Mando,1,9.0,9.0
Michael McKean,1,9.0,9.0
Michael O'Neill,1,7.9,9.0
Michael Potts,1,8.9,9.0
Michael Smiley,1,8.4,9.0
Michael Wildman,1,7.7,9.0
Michal Zebrowski,1,8.5,9.0
Mike Henry,1,8.1,9.0
Mike Starr,1,8.7,9.0
Misty Rosas,1,8.6,9.0
Monique Gabriela Curnen,1,9.0,9.0
Moritz Jahn,1,8.7,9.0
Natasha O'Keeffe,1,8.7,9.0
Nathan Darrow,1,8.6,9.0
Nathan Jones,1,8.1,9.0
Nathan Mitchell,1,8.7,9.0
Nava Mau,1,7.7,9.0
Ned Dennehy,1,8.7,9.0
Nick Faldo,1,7.8,9.0
Nico Parker,1,8.7,9.0
Nigel Boyle,1,8.7,9.0
Nikolaj Coster-Waldau,1,9.2,9.0
Nina Sosanya,1,7.7,9.0
Nolan North,1,9.1,9.0
Oliver Masucci,1,8.7,9.0
Olivia Cooke,1,8.3,9.0
Orto Ignatiussen,1,7.7,9.0
Packy Lee,1,8.7,9.0
Patrick Fabian,1,9.0,9.0
Patrick John Flueger,1,7.1,9.0
Paul F. Tompkins,1,8.2,9.0
Paul Lux,1,8.7,9.0
Paul McGann,1,8.4,9.0
Paul Sorvino,1,8.7,9.0
Payman Maadi,1,8.4,9.0
Pete McDaniel,1,7.8,9.0
Peter Dinklage,1,9.2,9.0
Peter Scanavino,1,8.1,9.0
Phaldut Sharma,1,7.7,9.0
Polly Walker,1,8.7,9.0
Poorna Jagannathan,1,8.4,9.0
Quvenzhané Wallis,1,8.1,9.0
Rachel Majorowski,1,8.3,9.0
Rachel Uchitel,1,7.8,9.0
Ralph Garman,1,8.1,9.0
Ralph St. George,1,8.3,9.0
Ray McKinnon,1,8.1,9.0
Rebecca Williams,1,8.8,9.0
Remo Girone,1,8.1,9.0
Rhea Seehorn,1,9.0,9.0
Rich Sommer,1,8.7,9.0
Richard Belzer,1,8.1,9.0
Richard Carter,1,7.2,9.0
Richard Gadd,1,7.7,9.0
Riley Keough,1,8.1,9.0
Rob Reiner,1,8.2,9.0
Robert Iler,1,9.2,9.0
Robert Lusetich,1,7.8,9.0
Robert Morse,1,8.7,9.0
Robert Wisdom,1,8.1,9.0
Robyn Malcolm,1,8.1,9.0
Ron Dean,1,9.0,9.0
Rosie Huntington-Whiteley,1,8.1,9.0
Ruth Wilson,1,8.4,9.0
Ryan Ridley,1,9.1,9.0
Sadwyn Brophy,1,9.0,9.0
Sam Anderson,1,8.8,9.0
Sam Bottoms,1,8.4,9.0
Sam Comery,1,8.8,9.0
Sam Rockwell,1,8.6,9.0
Sam Shepard,1,7.1,9.0
Samantha Mahurin,1,8.5,9.0
Samantha Sloyan,1,7.9,9.0
Samantha Soule,1,8.2,9.0
Sandra Sobieraj,1,7.8,9.0
Saskia Reeves,1,8.4,9.0
Scott Thompson,1,8.5,9.0
Sepideh Moafi,1,8.1,9.0
Seth Green,1,8.1,9.0
Seth Numrich,1,7.5,9.0
Shalom Brune-Franklin,1,7.7,9.0
Skylar Gaertner,1,8.5,9.0
Sofia Hublitz,1,8.5,9.0
Sophie Turner,1,9.2,9.0
Spencer Grammer,1,9.1,9.0
Stephan Kampwirth,1,8.7,9.0
Stephen Baldwin,1,8.5,9.0
Steve Bisley,1,7.2,9.0
Steve Toussaint,1,8.3,9.0
Steve Williams,1,7.8,9.0
Steven Mackintosh,1,8.4,9.0
Steven Van Zandt,1,9.2,9.0
Stockton Taylor,1,8.2,9.0
Suzanne Shepherd,1,8.3,9.0
Suzy Amis,1,8.5,9.0
Syam M. Lafi,1,8.4,9.0
Taylor Geare,1,7.1,9.0
Thandiwe Newton,1,8.5,9.0
Thomas Bonk,1,7.8,9.0
Tiger Woods,1,7.8,9.0
Tom Goodman-Hill,1,8.0,9.0
Tom Kenny,1,9.1,9.0
Tom Wu,1,7.8,9.0
Tomer Capone,1,8.7,9.0
Tommy Flanagan,1,8.5,9.0
Tony Amendola,1,8.1,9.0
Tony Bentley,1,8.1,9.0
Tony Dalton,1,9.0,9.0
Tony Darrow,1,8.7,9.0
Tony Goldwyn,1,8.3,9.0
Tony Sirico,1,9.2,9.0
Tracey Walter,1,8.6,9.0
Tracy Letts,1,8.1,9.0
Vicky McClure,1,8.7,9.0
Viggo Mortensen,1,8.9,9.0
Vince Colosimo,1,7.2,9.0
Vincent Kartheiser,1,8.7,9.0
Vivien Lyra Blair,1,7.9,9.0
Wanja Mues,1,8.5,9.0
Warren Brown,1,8.4,9.0
Willa Fitzgerald,1,7.9,9.0
Wyatt Russell,1,7.5,9.0
Zach Gilford,1,7.9,9.0
Zach Grenier,1,8.8,9.0
50 Cent,1,8.1,8.0
Aamya Deva Keroles,1,8.2,8.0
Aaron Hilmer,1,7.8,8.0
Adam Boyer,1,7.6,8.0
Adam Brody,1,7.8,8.0
Adam C. Edwards,1,7.3,8.0
Adam Driver,1,7.3,8.0
Adam LeFevre,1,7.8,8.0
Adam Nagaitis,1,9.3,8.0
Adan Canto,1,7.4,8.0
Ade,1,8.2,8.0
Adrian Grünewald,1,7.8,8.0
Adrian Quinton,1,7.7,8.0
Adrija Sinha,1,8.5,8.0
Agnieszka Grochowska,1,6.4,8.0
Ainhoa Pillet,1,7.3,8.0
Ainsley Seiger,1,7.7,8.0
Aisha Takow,1,7.3,8.0
Aisling Franciosi,1,8.1,8.0
Aksel Hennie,1,8.0,8.0
Al Lettieri,1,9.2,8.0
Alan Rickman,1,8.1,8.0
Alanna Ubach,1,7.9,8.0
Albert Brooks,1,8.2,8.0
Albrecht Schuch,1,7.8,8.0
Alec Baldwin,1,8.5,8.0
Alejandro Edda,1,7.1,8.0
Aleksey Serebryakov,1,7.4,8.0
Alex Gallafent,1,7.3,8.0
Alex Høgh Andersen,1,8.5,8.0
Alex Lawther,1,7.3,8.0
Alex Nikolov,1,7.7,8.0
Alex Roetter,1,7.6,8.0
Alex Russell,1,7.6,8.0
Alexa Demie,1,8.3,8.0
Alexander Calvert,1,7.7,8.0
Alexander Ludwig,1,8.5,8.0
Alexandra Maria Lara,1,8.1,8.0
Alexis Martin Woodall,1,7.7,8.0
Alice Kremelberg,1,7.8,8.0
Alicia Vikander,1,7.7,8.0
Alison Bellamy,1,6.7,8.0
Alistair Petrie,1,8.1,8.0
Allelon Ruggiero,1,8.1,8.0
Allison Altman,1,7.6,8.0
Alon Aboutboul,1,8.4,8.0
Amanda Crew,1,8.5,8.0
Amanda Schull,1,8.4,8.0
Amaury Nolasco,1,8.3,8.0
America Ferrera,1,7.6,8.0
Amiah Miller,1,7.4,8.0
Amy Aquino,1,8.5,8.0
Amy James-Kelly,1,7.2,8.0
Amy Madigan,1,7.6,8.0
Ananda Lewis,1,7.4,8.0
Andie MacDowell,1,7.6,8.0
Andreas Döhler,1,7.8,8.0
Andrew Lincoln,1,8.1,8.0
Andrew Scott,1,9.1,8.0
Andy Apollo,1,8.2,8.0
Andy Beckwith,1,8.2,8.0
Angus Cloud,1,8.3,8.0
Anjana Vasan,1,8.7,8.0
Anna Shaffer,1,8.0,8.0
Ansel Elgort,1,7.5,8.0
Anthony Anderson,1,8.5,8.0
Anya Chalotra,1,8.0,8.0
Ara Hollyday,1,7.9,8.0
Araloyin Oshunremi,1,8.4,8.0
Araya Mengesha,1,7.4,8.0
Ari Graynor,1,7.8,8.0
Ariel Winter,1,8.5,8.0
Arliss Howard,1,8.1,8.0
Armaan Haggio,1,7.3,8.0
Armin Mueller-Stahl,1,6.7,8.0
Artt Butler,1,8.0,8.0
Asa Germann,1,7.7,8.0
Ash Tandon,1,8.0,8.0
Ashley Walters,1,8.4,8.0
Asia Kate Dillon,1,8.3,8.0
Ato Essandoh,1,7.9,8.0
Aubrey Plaza,1,8.6,8.0
Audrey Tautou,1,6.6,8.0
Aurélien Lorgnier,1,7.3,8.0
Austin Stowell,1,8.5,8.0
Austyn Johnson,1,7.5,8.0
Ava Inman,1,6.7,8.0
Avery Brooks,1,8.5,8.0
Ayelet Zurer,1,6.7,8.0
Ayzee,1,8.0,8.0
Aza Raskin,1,7.6,8.0
Aziz Ansari,1,8.6,8.0
B.J. Novak,1,7.2,8.0
Babil Khan,1,8.5,8.0
Babou Ceesay,1,7.3,8.0
Bailey Richardson,1,7.6,8.0
Barbie Ferreira,1,8.3,8.0
Barry Corbin,1,8.2,8.0
Beatrice Robertson-Jones,1,8.7,8.0
Belinda McClory,1,8.7,8.0
Belinda Stewart-Wilson,1,8.4,8.0
Ben Burtt,1,8.4,8.0
Ben Robson,1,8.2,8.0
Ben Stone,1,7.9,8.0
Ben Weber,1,8.1,8.0
Ben Whishaw,1,7.3,8.0
Benito Martinez,1,7.1,8.0
Benjamin Bratt,1,7.8,8.0
Bernard Hocke,1,7.8,8.0
Bert Kreischer,1,7.3,8.0
Betty Buckley,1,7.3,8.0
Beverly D'Angelo,1,8.5,8.0
Bill Pullman,1,7.8,8.0
Billy Crystal,1,8.1,8.0
Billy MacLellan,1,7.4,8.0
Billy Magnussen,1,7.3,8.0
Billy Postlethwaite,1,8.2,8.0
Blake Harrison,1,8.4,8.0
Blake Lively,1,7.5,8.0
Bob Chappell,1,7.3,8.0
Bob Mack,1,8.6,8.0
Bobbin Bergstrom,1,8.7,8.0
Bobby Block,1,7.9,8.0
Boyd Holbrook,1,8.1,8.0
Brad Garrett,1,8.1,8.0
Brad Sanders,1,7.6,8.0
Brad William Henke,1,7.3,8.0
Brandon Fellows,1,7.2,8.0
Brendan Fletcher,1,5.9,8.0
Brent Antonello,1,7.7,8.0
Brent Jennings,1,7.6,8.0
Brent Skagford,1,7.5,8.0
Brian Dennehy,1,8.1,8.0
Brian Howe,1,8.1,8.0
Brian d'Arcy James,1,8.1,8.0
Bronagh Taggart,1,8.1,8.0
Bronagh Waugh,1,8.1,8.0
Bryan Fogel,1,7.9,8.0
Bryan G. Stevenson,1,7.6,8.0
CJ Jones,1,7.5,8.0
Caleb Landry Jones,1,7.1,8.0
Callum Keith Rennie,1,8.4,8.0
Cameron Britton,1,8.1,8.0
Cameron Seely,1,7.5,8.0
Caoilfhionn Dunne,1,7.4,8.0
Cara Jade Myers,1,7.6,8.0
Carl Beukes,1,7.3,8.0
Carly Chaikin,1,8.5,8.0
Carolina Guerra,1,8.2,8.0
Caroline Schwitzky,1,7.7,8.0
Carter Cabassa,1,7.3,8.0
Cas Anvar,1,7.5,8.0
Casey Groves,1,7.8,8.0
Chance Perdomo,1,7.7,8.0
Chandler Riggs,1,8.1,8.0
Chanel Cresswell,1,8.0,8.0
Chang Chen,1,8.0,8.0
Charlayne Woodard,1,6.6,8.0
Charles Cork,1,8.2,8.0
Charlie E. Schmidt,1,7.3,8.0
Charlie Pye Jr.,1,7.6,8.0
Charlie Talbert,1,7.8,8.0
Charly Jordan,1,7.9,8.0
Chris Bauer,1,6.3,8.0
Chris Conner,1,7.9,8.0
Chris J. Wright,1,7.7,8.0
Chris Miller,1,7.9,8.0
Chris Mulkey,1,8.5,8.0
Chris Noth,1,7.8,8.0
Chris Pedersen,1,8.1,8.0
Chris Zylka,1,6.9,8.0
Christian McKay,1,8.1,8.0
Christian Serratos,1,8.1,8.0
Christian Slater,1,8.5,8.0
Christian Stolte,1,6.9,8.0
Christina Ochoa,1,8.2,8.0
Christine Checkley,1,6.7,8.0
Christopher Abbott,1,7.8,8.0
Christopher Bunworth,1,7.4,8.0
Christopher Gordon,1,7.6,8.0
Christopher Kirby,1,7.4,8.0
Christopher Lloyd,1,7.4,8.0
Christopher Sommers,1,7.4,8.0
Christopher Walken,1,8.1,8.0
Christopher Wolfe,1,7.6,8.0
Chuck Scarborough,1,7.0,8.0
Claire Selby,1,7.7,8.0
Cle Sloan,1,7.6,8.0
Clive Pearse,1,7.9,8.0
Clive Standen,1,8.5,8.0
Clémence Poésy,1,8.1,8.0
Cody Horn,1,7.6,8.0
Colin Salmon,1,7.4,8.0
Colin Speir,1,7.4,8.0
Conor MacNeill,1,7.4,8.0
Conor O'Neill,1,7.3,8.0
Cooper Koch,1,7.8,8.0
Copper Cunningham,1,8.2,8.0
Corey Glover,1,8.1,8.0
Corey Johnson,1,7.7,8.0
Cosimo Fusco,1,6.7,8.0
Craig Thomas,1,7.5,8.0
Cynthia Erivo,1,6.4,8.0
DaJuan Johnson,1,8.5,8.0
Daimion Johnson,1,7.1,8.0
Damian Lewis,1,8.3,8.0
Damian O'Hare,1,8.1,8.0
Damon Gupton,1,8.5,8.0
Dan Li,1,6.4,8.0
Dan Soder,1,8.3,8.0
Daniel Berson,1,7.1,8.0
Daniel Gerson,1,8.1,8.0
Daniel Ings,1,8.0,8.0
Daniel K. Isaac,1,8.3,8.0
Daniel Lapaine,1,8.7,8.0
Daniel Zacapa,1,8.6,8.0
Danielle Moné Truitt,1,7.7,8.0
Darcy Bryce,1,8.1,8.0
Darren Criss,1,7.7,8.0
Dave Legeno,1,7.6,8.0
Dave Trimble,1,7.7,8.0
Dave Zabriskie,1,7.9,8.0
David Blaustein,1,7.4,8.0
David Calder,1,8.1,8.0
David Clennon,1,8.1,8.0
David Costabile,1,8.3,8.0
David Dastmalchian,1,8.0,8.0
David Jonsson,1,7.4,8.0
David Kaye,1,8.3,8.0
David Otunga,1,6.7,8.0
David Packouz,1,7.1,8.0
David Pasquesi,1,6.7,8.0
David Schofield,1,7.4,8.0
David Tennant,1,7.7,8.0
Dean-Charles Chapman,1,8.2,8.0
Deborah Twiss,1,7.6,8.0
Delroy Lindo,1,8.3,8.0
Demián Bichir,1,7.8,8.0
Deneke Muhugeta,1,7.4,8.0
Denis Leary,1,6.9,8.0
Denzil Smith,1,8.5,8.0
Derek Luh,1,7.7,8.0
Dervla Kirwan,1,7.2,8.0
Devid Striesow,1,7.8,8.0
Devyn Dalton,1,7.6,8.0
Diahnne Abbott,1,8.2,8.0
Diana Bang,1,6.5,8.0
Diane Keaton,1,9.2,8.0
Diane Kruger,1,8.4,8.0
Dichen Lachman,1,7.9,8.0
Dick Pound,1,7.9,8.0
Divyendu Sharma,1,8.5,8.0
Dohn Norwood,1,7.8,8.0
Dola Rashad,1,8.3,8.0
Dominic Carman,1,6.7,8.0
Dominic Purcell,1,8.3,8.0
Don Catlin,1,7.9,8.0
Doug Murray,1,8.1,8.0
Dr. Dre,1,7.8,8.0
Drew Bledsoe,1,7.3,8.0
Dudley O'Shaughnessy,1,8.4,8.0
Dulé Hill,1,8.4,8.0
Dylan Kussman,1,8.1,8.0
Dylan Minnette,1,8.2,8.0
E. Roger Mitchell,1,7.1,8.0
Eamon Farren,1,8.0,8.0
Ed Helms,1,7.7,8.0
Ed O'Neill,1,8.5,8.0
Ed Skrein,1,8.0,8.0
Eddie Jemison,1,7.1,8.0
Eddie Murphy,1,7.9,8.0
Edin Hasanovic,1,7.8,8.0
Edson Jean,1,7.1,8.0
Edward Ashley,1,7.3,8.0
Edward Asner,1,8.3,8.0
Edward Burns,1,8.6,8.0
Edward Furlong,1,8.5,8.0
Eileen Fogarty,1,6.3,8.0
Eiza González,1,7.5,8.0
Elarica Johnson,1,7.6,8.0
Elena Wohl,1,8.1,8.0
Eli Roth,1,8.4,8.0
Eliana Jones,1,5.9,8.0
Elie Docter,1,8.3,8.0
Elina Alminas,1,7.7,8.0
Elise Neal,1,8.1,8.0
Elissa Knight,1,8.4,8.0
Elizabeth Reaser,1,8.5,8.0
Elizabeth Rodriguez,1,8.1,8.0
Ella-Rae Smith,1,7.2,8.0
Ellen Barkin,1,8.2,8.0
Elpidia Carrillo,1,7.6,8.0
Emily Head,1,8.4,8.0
Emily Mortimer,1,8.2,8.0
Emily Watson,1,9.3,8.0
Emma Tremblay,1,5.9,8.0
Eric Sykes,1,7.7,8.0
Erik von Detten,1,8.3,8.0
Erin Gerasimovich,1,8.2,8.0
Eriq La Salle,1,8.1,8.0
Ethan Suplee,1,8.5,8.0
Etienne Chicot,1,6.6,8.0
Evanna Lynch,1,8.1,8.0
Evie Thompson,1,6.7,8.0
Fairuza Balk,1,8.5,8.0
Faisa Hassan,1,7.3,8.0
Fares Fares,1,6.4,8.0
Felix Kammerer,1,7.8,8.0
Florence Kastriner,1,7.0,8.0
Frances Fisher,1,7.8,8.0
Francesco Quinn,1,8.1,8.0
Frank Adu,1,8.2,8.0
Frank John Hughes,1,8.1,8.0
Freddie Thorp,1,7.2,8.0
Fredrick Bam Scott,1,7.8,8.0
Freida Pinto,1,7.6,8.0
Freya Allan,1,8.0,8.0
Gabe Gomez,1,8.0,8.0
Gabriel Akuwudike,1,8.2,8.0
Gabriel Chavarria,1,7.4,8.0
Gabriel Macht,1,8.4,8.0
Gage Munroe,1,7.4,8.0
Gale Hansen,1,8.1,8.0
Gana Bayarsaikhan,1,7.7,8.0
Garrett M. Brown,1,7.6,8.0
Garth Avery,1,8.2,8.0
Garth Jennings,1,7.1,8.0
Gary Lewis,1,7.5,8.0
Gedeon Burkhard,1,8.4,8.0
Gene Amoroso,1,8.1,8.0
Geoff Gustafson,1,6.5,8.0
Geoff Stults,1,7.6,8.0
George Carroll,1,7.5,8.0
George MacKay,1,8.2,8.0
Georgia Hirst,1,8.5,8.0
Gethin Anthony,1,8.1,8.0
Giles New,1,8.1,8.0
Gina McKee,1,8.0,8.0
Gina Torres,1,8.4,8.0
Gino Ardito,1,8.2,8.0
Giovanni Cirfiera,1,7.7,8.0
Glenn Morshower,1,6.3,8.0
Gloria Foster,1,8.7,8.0
Goran Visnjic,1,7.8,8.0
Gordon Masten,1,7.5,8.0
Grace Gummer,1,8.5,8.0
Grant Piro,1,7.4,8.0
Greg Davies,1,8.4,8.0
Gregg Weiner,1,7.1,8.0
Gregory P. Hitchen,1,7.0,8.0
Gregory Scott Cummins,1,8.5,8.0
Gretchen Mol,1,8.6,8.0
Griff Furst,1,7.2,8.0
Grigory Rodchenkov,1,7.9,8.0
Guillaume Chaslot,1,7.6,8.0
Gustaf Skarsgård,1,8.5,8.0
Gábor Czap,1,7.3,8.0
Génesis Castro Díaz,1,7.8,8.0
Habtunu Africho,1,7.4,8.0
Haley Lu Richardson,1,7.3,8.0
Hannah Arterton,1,7.2,8.0
Hans Matheson,1,7.6,8.0
Harold Gervais,1,7.8,8.0
Harriet Sansom Harris,1,8.4,8.0
Harriet Walter,1,7.3,8.0
Harris Yulin,1,7.8,8.0
Harry Cohn,1,8.2,8.0
Harry Goodwins,1,8.0,8.0
Harry Lawtey,1,7.4,8.0
Hattie Morahan,1,6.4,8.0
Heather Eason Liposky,1,7.4,8.0
Heather Graham,1,7.7,8.0
Helen Mirren,1,7.3,8.0
Henry Lloyd-Hughes,1,8.4,8.0
Hugh Laurie,1,8.7,8.0
Hunter Burke,1,7.8,8.0
Hunter Schafer,1,8.3,8.0
Ian Hislop,1,6.7,8.0
Ian Holm,1,8.1,8.0
Ian Kelly,1,7.7,8.0
India Fowler,1,7.2,8.0
Indy Lewis,1,7.4,8.0
Isabel Arraiza,1,6.3,8.0
Isabel Lucas,1,6.3,8.0
Isabelle Allen,1,7.2,8.0
Ivan Kaye,1,7.3,8.0
Ivo Uukkivi,1,7.3,8.0
Izzie Coffey,1,7.3,8.0
J. Alphonse Nicholson,1,7.6,8.0
Jacey Sink,1,7.6,8.0
Jacinte Blankenship,1,7.6,8.0
Jack Nicholson,1,8.5,8.0
Jacky Ido,1,8.4,8.0
Jacob Dudman,1,7.2,8.0
Jacob Elordi,1,8.3,8.0
Jacob Warner,1,8.1,8.0
Jaime FitzSimons,1,7.6,8.0
Jake Epstein,1,7.4,8.0
Jake Weary,1,8.2,8.0
Jako Montalvo,1,7.7,8.0
James Badge Dale,1,7.6,8.0
James Brolin,1,8.1,8.0
James Buckley,1,8.4,8.0
James Caan,1,9.2,8.0
James Coburn,1,8.1,8.0
James Cunningham,1,8.2,8.0
James Earl Jones,1,8.5,8.0
James Hetfield,1,6.7,8.0
James Huang,1,7.8,8.0
James Lugton,1,8.1,8.0
James Parks,1,7.8,8.0
James Purefoy,1,7.9,8.0
James Waterston,1,8.1,8.0
James Yi,1,6.5,8.0
Jamie Dornan,1,8.1,8.0
Jamie Gleeson,1,7.4,8.0
Jamie Hector,1,8.5,8.0
Jana Stryková,1,6.4,8.0
Janae Collins,1,7.6,8.0
Janeane Garofalo,1,8.1,8.0
Janelle Monáe,1,7.1,8.0
Jared Wofford,1,7.8,8.0
Jasmine Jobson,1,8.4,8.0
Jason Boyd,1,7.5,8.0
Jason Buckham,1,8.2,8.0
Javon 'Wanna' Walton,1,8.3,8.0
Jay Caputo,1,7.6,8.0
Jayma Mays,1,7.1,8.0
Jayme Lawson,1,7.8,8.0
Jaz Sinclair,1,7.7,8.0
Jean Reno,1,6.6,8.0
Jean-Pierre Marielle,1,6.6,8.0
Jean-Yves Berteloot,1,6.6,8.0
Jeff Bridges,1,7.6,8.0
Jeff Garlin,1,8.4,8.0
Jeff Seibert,1,7.6,8.0
Jeffrey Jones,1,7.5,8.0
Jeffrey Ross,1,7.3,8.0
Jennifer Hudson,1,7.1,8.0
Jennifer Lien,1,8.5,8.0
Jennifer Morrison,1,8.7,8.0
Jennifer Saunders,1,7.1,8.0
Jennifer Tilly,1,8.1,8.0
Jeremy Bobb,1,8.1,8.0
Jeremy Davies,1,8.6,8.0
Jeremy Leary,1,8.3,8.0
Jerome Ranft,1,8.3,8.0
Jerry Ferrara,1,8.1,8.0
Jerry Orbach,1,7.8,8.0
Jesse L. Martin,1,7.8,8.0
Jesse Spencer,1,8.7,8.0
Jessica Capshaw,1,7.6,8.0
Jessica Hecht,1,7.8,8.0
Jessica Henwick,1,7.1,8.0
Jessica Hynes,1,7.5,8.0
Jessica Sula,1,7.3,8.0
Jessie Buckley,1,9.3,8.0
Jevon White,1,7.8,8.0
Jillian Dion,1,7.6,8.0
Jim O'Heir,1,8.6,8.0
Jimmy Gardner,1,7.9,8.0
Jimmy O. Yang,1,8.5,8.0
Joanna Going,1,8.5,8.0
Jodi Lyn O'Keefe,1,8.3,8.0
Joe Cole,1,6.3,8.0
Joe Nunez,1,7.6,8.0
Joe Stevenson,1,8.5,8.0
Joe Thomas,1,8.4,8.0
Joe Toscano,1,7.6,8.0
Joey Batey,1,8.0,8.0
John Ashton,1,7.6,8.0
John Cassini,1,8.6,8.0
John David Washington,1,7.3,8.0
John Goodman,1,8.1,8.0
John Judd,1,6.9,8.0
John Kishline,1,6.9,8.0
John Lacy,1,7.7,8.0
John Lynch,1,8.1,8.0
John Marley,1,9.2,8.0
John Scher,1,7.4,8.0
Jon Stewart,1,7.0,8.0
Jonathan Aris,1,9.1,8.0
Jonathan Camp,1,7.3,8.0
Jonathan Tucker,1,8.5,8.0
Jonno Davies,1,7.7,8.0
Jordan Hull,1,7.3,8.0
Jordan Nagai,1,8.3,8.0
Jordan Patrick Smith,1,8.5,8.0
Joris Jarsky,1,6.3,8.0
Jorja Fox,1,8.4,8.0
Josef Davies,1,8.2,8.0
Joseph Sikora,1,8.1,8.0
Josh Brener,1,8.5,8.0
Josh Charles,1,8.1,8.0
Josh McDermitt,1,8.1,8.0
Joshua Blisset,1,8.4,8.0
Joshua James,1,8.7,8.0
José Zúñiga,1,6.7,8.0
Juancho Hernangomez,1,7.3,8.0
Judith Ivey,1,7.5,8.0
Judy Reyes,1,8.4,8.0
Juhan Ulfsak,1,7.3,8.0
Julia Roberts,1,6.3,8.0
Julian Arahanga,1,8.7,8.0
Julian Sergi,1,7.1,8.0
Julie Bowen,1,8.5,8.0
Juliet Aubrey,1,7.0,8.0
Juliette Jackson,1,8.5,8.0
Julius Callahan,1,8.1,8.0
Justin Bartha,1,7.7,8.0
Justin Inman,1,6.7,8.0
Justin Randell Brooke,1,7.2,8.0
Justina Machado,1,6.7,8.0
Jürgen Prochnow,1,6.6,8.0
Kadiff Kirwan,1,7.2,8.0
Kaitlyn Dias,1,8.1,8.0
Kali Rocha,1,6.3,8.0
Kano,1,8.4,8.0
Karel Dobrý,1,6.4,8.0
Karl Davies,1,9.3,8.0
Karleen Griffin,1,8.4,8.0
Kasia Stelmach,1,8.1,8.0
Kate Hudson,1,7.1,8.0
Kate Kneeland,1,7.2,8.0
Kate Liquorish,1,7.3,8.0
Katheryn Winnick,1,8.5,8.0
Kathryn Hunter,1,7.5,8.0
Kathy Najimy,1,8.4,8.0
Katie Holmes,1,8.2,8.0
Kay Kay Menon,1,8.5,8.0
Keala Settle,1,7.5,8.0
Keith Campbell,1,7.6,8.0
Keith William Richards,1,7.4,8.0
Kelly AuCoin,1,8.3,8.0
Kelly Jenrette,1,8.1,8.0
Kelsey Grammer,1,7.9,8.0
Ken Jenkins,1,8.4,8.0
Ken Leung,1,7.4,8.0
Ken Medlock,1,7.6,8.0
Kenneth Collard,1,8.7,8.0
Kenny Smith,1,7.3,8.0
Kent Shocknek,1,7.8,8.0
Kevin Dillon,1,8.1,8.0
Kiefer Sutherland,1,7.4,8.0
Kiele Sanchez,1,8.5,8.0
Kim Dickens,1,8.1,8.0
Kim Kardashian,1,7.3,8.0
Kim Kopf,1,8.4,8.0
Kirk Acevedo,1,7.6,8.0
Kirk B.R. Woller,1,7.6,8.0
Kodi Smit-McPhee,1,7.6,8.0
Kristen Ariza,1,7.8,8.0
Kristin Lehman,1,7.9,8.0
Kristin Scott Thomas,1,7.4,8.0
Kumail Nanjiani,1,8.5,8.0
Kuni Hashimoto,1,7.4,8.0
Kurt Russell,1,7.8,8.0
Kurtwood Smith,1,8.1,8.0
Kyle,1,7.4,8.0
Kyle Cassie,1,8.0,8.0
Kyle MacLachlan,1,8.1,8.0
La La Anthony,1,8.1,8.0
LaMonica Garrett,1,7.4,8.0
Lachlan Mackintosh,1,7.7,8.0
Lance Oppenheim,1,7.6,8.0
Lance Reddick,1,8.5,8.0
Lara Decaro,1,7.0,8.0
Larry Reese,1,7.7,8.0
Laura Dern,1,7.2,8.0
Lauren Cohan,1,8.1,8.0
Laurie Metcalf,1,8.3,8.0
Lauryn Ajufo,1,6.4,8.0
Leah Fredkin,1,7.8,8.0
Leanne Best,1,7.0,8.0
Lee Ingleby,1,7.9,8.0
Lee Rosenblatt,1,7.4,8.0
Leila George,1,8.2,8.0
Lela Loren,1,8.1,8.0
Lenny Henry,1,7.9,8.0
Leslie Hendrix,1,7.8,8.0
Leslie Odom Jr.,1,7.1,8.0
Lewis Black,1,8.1,8.0
Liang Wei-Hui-Duncan,1,7.4,8.0
Liev Schreiber,1,8.1,8.0
Lily Collins,1,6.7,8.0
Lily Gladstone,1,7.6,8.0
Linus Roache,1,8.2,8.0
Lisa Banes,1,8.1,8.0
Lisa Edelstein,1,8.7,8.0
Lisa Renee Pitts,1,8.0,8.0
Lisa Thoreson,1,7.0,8.0
Little Simz,1,8.4,8.0
Liz Richman,1,7.9,8.0
Lizze Broadway,1,7.7,8.0
Lizzy Caplan,1,6.5,8.0
Logan Dean,1,8.0,8.0
Lola Kirke,1,7.1,8.0
London Thor,1,7.7,8.0
Lou Romano,1,8.1,8.0
Louis Greatorex,1,7.2,8.0
Louise Brealey,1,9.1,8.0
Luke Kirby,1,6.6,8.0
Lulu Wilson,1,8.5,8.0
Lymari Nadal,1,7.8,8.0
Lynn Adrianna Freedman,1,8.0,8.0
Lynn Fox,1,7.6,8.0
Léa Seydoux,1,7.3,8.0
M. Night Shyamalan,1,6.6,8.0
Mac Brandt,1,8.5,8.0
MacInTalk,1,8.4,8.0
Macie Carmosino,1,6.7,8.0
Macy Gray,1,7.8,8.0
Maddie Phillips,1,7.7,8.0
Madhavan,1,8.5,8.0
Madison Lintz,1,8.5,8.0
Maggie Q,1,7.4,8.0
Maia Jae Bastidas,1,7.7,8.0
Mandira Bedi,1,8.5,8.0
Marc Warren,1,7.2,8.0
Marco Ilsø,1,8.5,8.0
Marco Rodríguez,1,7.8,8.0
Marcus Chong,1,8.7,8.0
Maria Bello,1,8.2,8.0
Maria Frangos,1,7.8,8.0
Marisa Abela,1,7.4,8.0
Marissa Shankar,1,7.9,8.0
Marjorie Wallace,1,6.7,8.0
Mark Arnold,1,8.0,8.0
Mark Gatiss,1,9.1,8.0
Mark Lawson,1,6.7,8.0
Mark Moses,1,8.1,8.0
Mark Williams,1,7.7,8.0
Martha Higareda,1,7.9,8.0
Martin Donovan,1,7.3,8.0
Martin Starr,1,8.5,8.0
Martin Trenaman,1,8.4,8.0
Martin Wallström,1,8.5,8.0
Marty Antonini,1,7.7,8.0
Mary Gibbs,1,8.1,8.0
María Botto,1,7.3,8.0
Matt Doran,1,8.7,8.0
Matt Lauria,1,8.5,8.0
Matthew Broderick,1,8.5,8.0
Matthias Schoenaerts,1,6.3,8.0
Maude Apatow,1,8.3,8.0
Max Burkholder,1,7.9,8.0
Max Kasch,1,8.5,8.0
May Lindstrom,1,8.0,8.0
Mckenna Grace,1,8.5,8.0
Meghan Markle,1,8.4,8.0
Meirion Jones,1,6.7,8.0
Melissa Leo,1,8.2,8.0
Melissa McBride,1,8.1,8.0
Mesfin Lamengo,1,7.4,8.0
Micah Howard,1,7.5,8.0
Michael Adamthwaite,1,7.4,8.0
Michael Arden,1,7.5,8.0
Michael Benyaer,1,8.0,8.0
Michael Cristofer,1,8.5,8.0
Michael Ealy,1,7.6,8.0
Michael Eklund,1,6.7,8.0
Michael Harding,1,7.6,8.0
Michael Hyatt,1,6.3,8.0
Michael Ironside,1,7.4,8.0
Michael Lang,1,7.4,8.0
Michael Moriarty,1,7.8,8.0
Michael Papajohn,1,7.8,8.0
Michael Rainey Jr.,1,8.1,8.0
Michael Socha,1,9.3,8.0
Michael Vieau,1,6.9,8.0
Michael Vu,1,8.0,8.0
Michaela Coel,1,8.7,8.0
Micheal Ward,1,8.4,8.0
Michelle Fairley,1,7.7,8.0
Michiel Huisman,1,8.5,8.0
Mickey Cantwell,1,8.2,8.0
Mike Cannon,1,7.7,8.0
Mike Myers,1,7.9,8.0
Mike Tyson,1,7.7,8.0
Miles Jupp,1,7.5,8.0
Milo Gibson,1,8.1,8.0
Mimi Rogers,1,8.5,8.0
Mimî M Khayisa,1,8.0,8.0
Mindy Kaling,1,8.1,8.0
Minka Kelly,1,5.9,8.0
Misha Handley,1,7.2,8.0
Missi Pyle,1,8.1,8.0
Moira Kelly,1,8.5,8.0
Molly Gordon,1,8.2,8.0
Molly Ringwald,1,7.8,8.0
Monica Dolan,1,8.7,8.0
Morgan Brown,1,7.5,8.0
Morgan Pyle,1,6.7,8.0
Moritz Klaus,1,7.8,8.0
Morse Diggs,1,7.5,8.0
Mpho Koaho,1,5.9,8.0
MyAnna Buring,1,8.0,8.0
Myha'la,1,7.4,8.0
Nadia Konakchieva,1,6.9,8.0
Nadine Velazquez,1,7.3,8.0
Natalie Carter,1,7.0,8.0
Natalie Dormer,1,8.1,8.0
Natalie Morales,1,6.3,8.0
Natalie Paul,1,7.8,8.0
Natascha McElhone,1,7.4,8.0
Nate Lang,1,8.5,8.0
Nathalie Baye,1,8.1,8.0
Nathan Lane,1,8.5,8.0
Naturi Naughton,1,8.1,8.0
Neal Huff,1,7.3,8.0
Neal McDonough,1,7.6,8.0
Neil Flynn,1,8.4,8.0
Ness Bautista,1,8.1,8.0
Niall Hayes,1,7.0,8.0
Niamh McGrady,1,8.1,8.0
Nicholas Alexander Chavez,1,7.8,8.0
Nicholas Gleaves,1,8.0,8.0
Nicholas Jones,1,7.4,8.0
Nick Jonas,1,8.5,8.0
Nick Thurston,1,7.6,8.0
Nicky Torchia,1,7.7,8.0
Nicola Collins,1,8.2,8.0
Niecy Nash,1,7.8,8.0
Nika King,1,8.3,8.0
Niketa Calame-Harris,1,8.5,8.0
Nikita Kamaev,1,7.9,8.0
Nikki Glaser,1,7.3,8.0
Nikolaj Lie Kaas,1,6.7,8.0
Nolan Gould,1,8.5,8.0
Nona Parker Johnson,1,7.7,8.0
Norman Lloyd,1,8.1,8.0
Norman Reedus,1,8.1,8.0
Oliver Cotton,1,7.3,8.0
Oliver Phelps,1,7.7,8.0
Olympia Dukakis,1,7.0,8.0
Omar Epps,1,8.7,8.0
Otmara Marrero,1,7.8,8.0
Owen Burke,1,7.5,8.0
Pam Ferris,1,7.9,8.0
Pat Harvey,1,7.8,8.0
Patricia Clarkson,1,8.2,8.0
Patrick Davis Alarcón,1,6.3,8.0
Patrick J. Adams,1,8.4,8.0
Patrick Kilpatrick,1,7.6,8.0
Patton Oswalt,1,8.1,8.0
Paul Bae,1,6.5,8.0
Paul Moder,1,7.4,8.0
Paul Ready,1,8.0,8.0
Paul Reiser,1,8.5,8.0
Paul Ritter,1,9.3,8.0
Paul Tinto,1,8.2,8.0
Paula Poundstone,1,8.1,8.0
Paulo Costanzo,1,7.4,8.0
Paxton Singleton,1,8.5,8.0
Penny Johnson Jerald,1,7.9,8.0
Peter Boyle,1,8.2,8.0
Peter Crombie,1,8.6,8.0
Peter Cushing,1,8.6,8.0
Peter Dennis,1,7.9,8.0
Peter Franzén,1,8.5,8.0
Peter Gallagher,1,8.3,8.0
Peter Jacobson,1,8.7,8.0
Peter O'Toole,1,8.1,8.0
Peter Sohn,1,8.1,8.0
Petr Vanek,1,6.4,8.0
Phil Brown,1,8.6,8.0
Philip Rosch,1,8.5,8.0
Philip Seymour Hoffman,1,7.6,8.0
Phyllis MacBryde,1,7.0,8.0
Pierce Gagnon,1,7.4,8.0
Pilar Law,1,7.4,8.0
Pip Carter,1,8.2,8.0
Pippa Haywood,1,8.0,8.0
Portia Doubleday,1,8.5,8.0
Qing Xu,1,7.4,8.0
Queen Latifah,1,7.3,8.0
Quincy Fouse,1,8.1,8.0
R. Lee Ermey,1,8.6,8.0
Rachael Harris,1,7.7,8.0
Rachael Taylor,1,6.3,8.0
Rachel Griffiths,1,8.1,8.0
Rachel Lin,1,7.7,8.0
Rahul Tewari,1,8.5,8.0
Randall Park,1,6.5,8.0
Randy Moss,1,7.3,8.0
Randy Quaid,1,7.7,8.0
Rashida Jones,1,8.6,8.0
Ray Romano,1,7.8,8.0
Ray Winstone,1,8.5,8.0
Raymond J. Barry,1,7.8,8.0
Reed Diamond,1,7.6,8.0
Reese Alexander,1,6.5,8.0
Reggie Johnson,1,8.1,8.0
Reniko Francis,1,8.4,8.0
Renée Elise Goldsberry,1,7.9,8.0
Rhona Mitra,1,6.3,8.0
Rich Ceraulo Ko,1,7.3,8.0
Richard Coca,1,7.6,8.0
Richard Conte,1,9.2,8.0
Richard K. Jones,1,6.7,8.0
Richard Kind,1,8.1,8.0
Richard Lumsden,1,7.4,8.0
Richard Macklin,1,7.5,8.0
Richard Madden,1,8.0,8.0
Richard McLaren,1,7.9,8.0
Richard Pyros,1,8.1,8.0
Richard Riddell,1,8.0,8.0
Richard S. Castellano,1,9.2,8.0
Rick Garcia,1,7.8,8.0
Rick Gonzalez,1,7.7,8.0
Rick Hoffman,1,8.4,8.0
Ricky Martin,1,7.7,8.0
Rico Rodriguez,1,8.5,8.0
Rob Lowe,1,8.6,8.0
Robert Emms,1,9.3,8.0
Robert Guillaume,1,8.5,8.0
Robert Knepper,1,8.3,8.0
Robert Maillet,1,7.6,8.0
Robert Maschio,1,8.4,8.0
Robert Pattinson,1,7.8,8.0
Robin Weaver,1,8.4,8.0
Robin Williams,1,8.1,8.0
Robinne Lee,1,7.6,8.0
Rockmond Dunbar,1,8.3,8.0
Rod Hallett,1,6.9,8.0
Rodger Boyce,1,8.2,8.0
Roger Guenveur Smith,1,7.8,8.0
Roger Ordish,1,6.7,8.0
Roma Maffia,1,6.7,8.0
Roman Guerriero,1,8.1,8.0
Ronald Pickup,1,7.4,8.0
Rosario Dawson,1,7.6,8.0
Ross Marquand,1,8.1,8.0
Ross Waiton,1,6.4,8.0
Rotimi,1,8.1,8.0
Rowan Atkinson,1,8.5,8.0
Roy Hill,1,6.9,8.0
Royce Pierreson,1,8.0,8.0
Ruben Santiago-Hudson,1,7.5,8.0
Rudy Eisenzopf,1,7.8,8.0
Rupert Graves,1,9.1,8.0
Russ Fega,1,8.4,8.0
Russell Peters,1,7.5,8.0
Rutger Hauer,1,8.2,8.0
S. Epatha Merkerson,1,7.8,8.0
Sadie Sink,1,7.6,8.0
Sagar Radia,1,7.4,8.0
Sam Humphrey,1,7.5,8.0
Sam Jay,1,7.3,8.0
Sam Lloyd,1,8.4,8.0
Sam Robards,1,8.3,8.0
Sam Troughton,1,9.3,8.0
Sam Waterston,1,7.8,8.0
Samantha Womack,1,7.7,8.0
Samuel West,1,7.4,8.0
Sander Rebane,1,7.3,8.0
Sandy Parakilas,1,7.6,8.0
Sara,1,7.4,8.0
Sara El-Yafi,1,7.4,8.0
Sarah Beattie,1,8.1,8.0
Sarah Hyland,1,8.5,8.0
Sarah Parish,1,7.4,8.0
Sarah Paulson,1,6.6,8.0
Sarah Rafferty,1,8.4,8.0
Sarah Snook,1,7.4,8.0
Sarah Wayne Callies,1,8.3,8.0
Sarah Wright,1,7.1,8.0
Sasha Barrese,1,7.7,8.0
Sathya Sridharan,1,7.6,8.0
Scott Bakula,1,8.3,8.0
Scott Brandt,1,7.9,8.0
Scott Klace,1,8.5,8.0
Sean Harris,1,7.3,8.0
Sebastian Arcelus,1,7.3,8.0
Sebastian Stan,1,8.0,8.0
Seth Gilliam,1,8.1,8.0
Shane Johnson,1,8.1,8.0
Sharon Duncan-Brewster,1,8.0,8.0
Sharon Tay,1,7.8,8.0
Shaun Dooley,1,7.2,8.0
Shauna Rappold,1,7.8,8.0
Shawn Hatosy,1,8.2,8.0
Shelley Conn,1,7.7,8.0
Shone Romulus,1,8.4,8.0
Shrikant Verma,1,8.5,8.0
Simon Bird,1,8.4,8.0
Siobhan Finneran,1,7.2,8.0
Snoop Dogg,1,7.8,8.0
Sofia Boutella,1,7.7,8.0
Sophie Wu,1,7.6,8.0
Spencer Treat Clark,1,6.6,8.0
Stacy Keach,1,8.5,8.0
Stefan Kapicic,1,8.0,8.0
Stephane Fichet,1,8.0,8.0
Stephanie Corneliussen,1,8.5,8.0
Stephanie Kurtzuba,1,7.8,8.0
Stephen Bishop,1,7.6,8.0
Stephen Dillane,1,7.4,8.0
Stephen Fewell,1,7.3,8.0
Stephen Fry,1,7.4,8.0
Stephen Mangan,1,8.1,8.0
Stephen Merchant,1,8.1,8.0
Stephen Root,1,8.2,8.0
Stephen Tobolowsky,1,8.4,8.0
Sterling Hayden,1,9.2,8.0
Steve Eastin,1,8.1,8.0
Steve Harris,1,7.6,8.0
Steve Lantz,1,7.1,8.0
Steven Berkoff,1,7.8,8.0
Steven Elder,1,7.3,8.0
Steven Hill,1,7.8,8.0
Stu 'Large' Riley,1,7.6,8.0
Stuart Bowman,1,8.0,8.0
Stuart Graham,1,8.1,8.0
Style Dayne,1,8.0,8.0
Suanne Spoke,1,8.5,8.0
Sun Zhi Hua-Hilton,1,7.4,8.0
Sunny Wu Jin Zahao,1,7.4,8.0
Suzanne Cryer,1,8.5,8.0
Sydney Sweeney,1,8.3,8.0
Sydney Vollmer,1,6.7,8.0
Sylvia Hoeks,1,8.0,8.0
Sylvia Nicol,1,6.7,8.0
Symara A. Templeman,1,7.7,8.0
Tammy Blanchard,1,7.6,8.0
Taylor Hickson,1,8.0,8.0
Ted Danson,1,8.6,8.0
Teena Collins,1,8.2,8.0
Terrence Howard,1,8.2,8.0
Terry Kinney,1,6.3,8.0
Tess Harper,1,8.2,8.0
Thad Luckinbill,1,7.6,8.0
Theo James,1,8.0,8.0
Thibault de Montalembert,1,7.8,8.0
Thomas Bach,1,7.9,8.0
Thomas Lennon,1,8.4,8.0
Thomas Middleditch,1,8.5,8.0
Thora Birch,1,8.3,8.0
Thure Lindhardt,1,6.7,8.0
Tiffany Pisani,1,7.7,8.0
Til Schweiger,1,8.4,8.0
Tim Kelleher,1,7.6,8.0
Tim Kendall,1,7.6,8.0
Timothy Simons,1,6.5,8.0
Timothy Spall,1,7.7,8.0
Tina Davey,1,6.7,8.0
Tom Brady,1,7.3,8.0
Tom Fisher,1,7.3,8.0
Tom Lawrence,1,7.3,8.0
Tom Segura,1,7.3,8.0
Tom Sizemore,1,8.6,8.0
Tom Vaughan-Lawlor,1,7.0,8.0
Tom Wilkinson,1,8.2,8.0
Tommy Kominik,1,7.4,8.0
Tori Kelly,1,7.1,8.0
Tracie Thoms,1,7.4,8.0
Travis Fimmel,1,8.5,8.0
Trieu Tran,1,7.9,8.0
Tristan Harris,1,7.6,8.0
Troy Evans,1,8.5,8.0
Tsuwayuki Saotome,1,6.9,8.0
Ty Burrell,1,8.5,8.0
Ty Olsson,1,7.4,8.0
Ty Simpkins,1,7.6,8.0
Tyler Perry,1,8.1,8.0
Tómas Lemarquis,1,8.0,8.0
Ukee Washington,1,7.3,8.0
Una Stubbs,1,9.1,8.0
Vaishnavi Sharma,1,8.5,8.0
Valene Kane,1,8.1,8.0
Valentin Stojanov,1,6.9,8.0
Valerie Cruz,1,6.3,8.0
Valerie Planche,1,7.7,8.0
Velibor Topic,1,7.7,8.0
Veronika Denisova,1,7.7,8.0
Victor Argo,1,8.2,8.0
Victor Reyes,1,7.7,8.0
Vilma Szécsi,1,8.0,8.0
Vin Diesel,1,8.6,8.0
Vincent Cassel,1,7.9,8.0
Vincent Franklin,1,8.0,8.0
Vincent Piazza,1,8.6,8.0
Vincent Regan,1,6.4,8.0
Vinette Robinson,1,9.1,8.0
Vinnie Jones,1,8.0,8.0
Wade Williams,1,8.3,8.0
Warren Finkelstein,1,7.4,8.0
Warwick Davis,1,8.1,8.0
Wayne Knight,1,7.9,8.0
Wendell Pierce,1,8.4,8.0
Wes Chatham,1,7.3,8.0
Whoopi Goldberg,1,8.5,8.0
Wilhelm Schalaudek,1,7.6,8.0
Will Arnett,1,8.1,8.0
Will Sherrod,1,7.3,8.0
Will Smith,1,7.6,8.0
William Beck,1,8.2,8.0
William Fichtner,1,8.3,8.0
William Russ,1,8.5,8.0
Wilson Mbomio,1,8.0,8.0
Wood Harris,1,8.0,8.0
Wunmi Mosaku,1,8.7,8.0
Xavier Atkins,1,6.4,8.0
Yorick van Wageningen,1,7.8,8.0
Yuri Kolokolnikov,1,6.9,8.0
Zach Braff,1,8.4,8.0
Zach Woods,1,8.5,8.0
Zoe Graham,1,6.3,8.0
Zoe McLellan,1,7.4,8.0
Zoë Soul,1,8.2,8.0
Aaron W Reed,1,7.1,7.0
Aaron Yoo,1,6.8,7.0
Aasif Mandvi,1,6.5,7.0
Abbie Cornish,1,7.4,7.0
Abigail Pniowsky,1,7.9,7.0
Adam Fogerty,1,6.9,7.0
Adam Othman,1,6.7,7.0
Adriana Ugarte,1,7.4,7.0
Adrianne Palicki,1,5.7,7.0
Aedin Mincks,1,6.9,7.0
Aina Clotet,1,7.4,7.0
Alan Arkin,1,6.5,7.0
Alan Dershowitz,1,7.1,7.0
Alan Ritchson,1,8.3,7.0
Albert Jones,1,8.6,7.0
Albert Pérez,1,7.4,7.0
Alberto Guerra,1,7.2,7.0
Alejandro Hernandez,1,8.0,7.0
Alessandra Ambrosio,1,6.0,7.0
Alessandro Grimaldi,1,6.2,7.0
Alex Manette,1,6.7,7.0
Alex Manugian,1,7.2,7.0
Alexander Skarsgård,1,7.0,7.0
Alicia Silverstone,1,7.0,7.0
Alison Kramer,1,6.6,7.0
Alison Wright,1,7.3,7.0
Amanda Seyfried,1,6.3,7.0
Amanda Warren,1,6.5,7.0
Amari Cheatom,1,6.5,7.0
Ambyr Childers,1,7.7,7.0
Amelia Eve,1,7.4,7.0
Amelie Bea Smith,1,7.4,7.0
Amy Anzel,1,6.5,7.0
Ana Ularu,1,6.2,7.0
Andre Braugher,1,8.4,7.0
Andre Ward,1,7.6,7.0
Andrea Savage,1,6.9,7.0
Andrew Horton,1,6.7,7.0
Andy King,1,7.2,7.0
Andy Samberg,1,8.4,7.0
Andy Umberger,1,7.3,7.0
Aneurin Barnard,1,7.8,7.0
Angela Bassett,1,7.3,7.0
Angela Griffin,1,6.6,7.0
Angus T. Jones,1,7.1,7.0
Ann Dowd,1,7.1,7.0
Ann Magnuson,1,6.8,7.0
Anna Friel,1,7.4,7.0
Annie Farmer,1,7.1,7.0
Anupam Kher,1,8.0,7.0
Aqueela Zoll,1,7.2,7.0
Ari McCarthy,1,7.1,7.0
Armie Hammer,1,6.7,7.0
Ashton Kutcher,1,7.1,7.0
Astrid Bergès-Frisbey,1,6.6,7.0
Augustus Prew,1,6.5,7.0
Austin Butler,1,7.6,7.0
Austin North,1,7.5,7.0
Aviva Baumann,1,7.6,7.0
Bad Bunny,1,7.3,7.0
Balenda Ganem,1,7.0,7.0
Bar Paly,1,6.4,7.0
Barry G. Bernson,1,7.0,7.0
Barry Shabaka Henley,1,7.5,7.0
Bashir Salahuddin,1,8.2,7.0
Beau Knapp,1,7.4,7.0
Belén López,1,6.6,7.0
Ben Daniels,1,6.7,7.0
Benjamin Evan Ainsworth,1,7.4,7.0
Beth Goddard,1,7.7,7.0
Bill Milner,1,7.7,7.0
Bill Nunn,1,7.4,7.0
Bill Sage,1,7.6,7.0
Bill Skarsgård,1,7.3,7.0
Billy Burke,1,7.2,7.0
Billy McFarland,1,7.2,7.0
Bob Morley,1,7.5,7.0
Bob Ricks,1,7.0,7.0
Bob Sloan,1,6.3,7.0
Brad Edwards,1,7.1,7.0
Brian Bloom,1,6.7,7.0
Brian J. Carter,1,6.3,7.0
Brian Tyree Henry,1,7.3,7.0
Brie Larson,1,6.8,7.0
Britne Oldford,1,7.1,7.0
Brody Stevens,1,6.5,7.0
CCH Pounder,1,7.9,7.0
Cade Woodward,1,7.5,7.0
Cailee Spaeny,1,7.0,7.0
Callum Turner,1,6.5,7.0
Calvin Demba,1,6.7,7.0
Camille Kostek,1,7.1,7.0
Camilo Jimenez Varon,1,7.2,7.0
Carlacia Grant,1,7.5,7.0
Carmen Pelaez,1,7.1,7.0
Carrie Foster,1,6.6,7.0
Carrie Patterson,1,7.2,7.0
Catherine Zeta-Jones,1,7.1,7.0
Cedric The Entertainer,1,6.2,7.0
Charles Baker,1,7.3,7.0
Charles Esten,1,7.5,7.0
Charles Parnell,1,8.2,7.0
Charlie Ives,1,6.9,7.0
Charlie Sheen,1,7.1,7.0
Charlotte Riley,1,7.9,7.0
Charlotte Ritchie,1,7.7,7.0
Chase Stokes,1,7.5,7.0
Chelsea Peretti,1,8.4,7.0
Chino Darín,1,7.4,7.0
Chloë Grace Moretz,1,6.5,7.0
Chosen Jacobs,1,7.3,7.0
Chris Penn,1,8.3,7.0
Chris Pine,1,7.3,7.0
Chris Romano,1,8.3,7.0
Chris Whitcomb,1,7.0,7.0
Christian Camargo,1,7.5,7.0
Christina Offley,1,5.6,7.0
Christina Pickles,1,8.9,7.0
Christopher Eccleston,1,6.9,7.0
Christopher Larkin,1,7.5,7.0
Christopher Sayegh,1,7.5,7.0
Claes Bang,1,7.0,7.0
Clara Rugaard,1,6.7,7.0
Clara Segura,1,7.4,7.0
Clare Foley,1,6.8,7.0
Clark Gregg,1,6.8,7.0
Claudia Lee,1,6.5,7.0
Cliff Robertson,1,7.4,7.0
Clyde Kusatsu,1,7.0,7.0
Colin Morgan,1,6.9,7.0
Colleen Nelson,1,7.5,7.0
Colm Feore,1,6.6,7.0
Common,1,7.2,7.0
Conchata Ferrell,1,7.1,7.0
Connor Wise,1,6.0,7.0
Cornell John,1,6.5,7.0
Cotter Smith,1,8.6,7.0
Courteney Cox,1,8.9,7.0
Courtney Thorne-Smith,1,7.1,7.0
Courtney Wild,1,7.1,7.0
Craig Tate,1,7.0,7.0
Cristela Alonzo,1,6.7,7.0
Cullen Moss,1,7.5,7.0
Cynthia Addai-Robinson,1,7.3,7.0
D.J. Cotrona,1,5.7,7.0
Dakota Fanning,1,7.6,7.0
Dakota Johnson,1,6.8,7.0
Damien Bonnard,1,7.8,7.0
Dan Aykroyd,1,6.1,7.0
Daniel Burt,1,6.8,7.0
Daniel Puig,1,7.1,7.0
Daniel Wilson,1,6.3,7.0
Daniella Rabbani,1,6.3,7.0
Danny Huston,1,7.3,7.0
Danny McBride,1,6.5,7.0
Danny Trejo,1,6.5,7.0
Dante Pereira-Olson,1,6.7,7.0
Danya Griver,1,6.8,7.0
Darin Brooks,1,8.3,7.0
Darren Barnet,1,7.1,7.0
Darren Goldstein,1,7.4,7.0
Darryl Dinn,1,6.9,7.0
Dave Franco,1,7.2,7.0
David Bailie,1,7.4,7.0
David Gyasi,1,6.8,7.0
David Julian Hirsh,1,6.7,7.0
David Schwimmer,1,8.9,7.0
David Thewlis,1,7.3,7.0
David Thibodeau,1,7.0,7.0
DeRon Horton,1,6.5,7.0
Debbie Pierce,1,6.6,7.0
Deidre Goodwin,1,6.3,7.0
Denise Dal Vera,1,7.0,7.0
Denise Richards,1,8.3,7.0
Derek Deadman,1,7.7,7.0
Derek Jeter,1,6.7,7.0
Derek Riddell,1,6.5,7.0
Diana Wilson,1,6.3,7.0
Dianna Kiesler,1,6.6,7.0
Didi Costine,1,6.0,7.0
Dino Fetscher,1,6.8,7.0
Dirk Blocker,1,8.4,7.0
Dominique Louis,1,8.0,7.0
Don Johnson,1,7.9,7.0
Donald Glover,1,7.4,7.0
Dragomir Mrsic,1,7.9,7.0
Drew Logan,1,7.0,7.0
Drew Starkey,1,7.5,7.0
Dwight Yoakam,1,6.8,7.0
Dylan McDermott,1,6.1,7.0
Ed Marinaro,1,8.3,7.0
Edan Alexander,1,7.4,7.0
Edward Bunker,1,8.3,7.0
Edward Holcroft,1,6.7,7.0
Edward Latham,1,6.7,7.0
Eldar Skar,1,7.0,7.0
Elena Kampouris,1,6.7,7.0
Eli Fucile,1,8.0,7.0
Elijah Rodriguez,1,7.1,7.0
Elisabeth Shue,1,7.0,7.0
Eliza Taylor,1,7.5,7.0
Elizabeth Gracen,1,7.2,7.0
Elizabeth Lail,1,7.7,7.0
Elizabeth Yozamp,1,6.9,7.0
Elliott Rose,1,7.0,7.0
Elsayed Mohamed,1,6.5,7.0
Emile Hirsch,1,7.6,7.0
Emily Baldoni,1,7.2,7.0
Emily Browning,1,6.9,7.0
Emma Corrin,1,7.6,7.0
Erik Hess,1,6.3,7.0
Estelle Harris,1,8.3,7.0
Ester Petschar,1,7.5,7.0
Eugene Brave Rock,1,7.3,7.0
Eva Mendes,1,6.7,7.0
Evan Lai,1,7.0,7.0
Evangeline Lilly,1,7.5,7.0
Ezra Miller,1,6.5,7.0
Finn Wolfhard,1,7.3,7.0
Fionn Whitehead,1,7.8,7.0
Flula Borg,1,7.2,7.0
Francesca Calo,1,6.3,7.0
Francis Magee,1,6.6,7.0
Frank Pando,1,6.7,7.0
Frank Salerno,1,7.5,7.0
Frank Schorpion,1,7.9,7.0
Franz Drameh,1,7.9,7.0
Fred Armisen,1,7.1,7.0
Freddy J. Davila,1,6.3,7.0
Fredy Yate,1,7.2,7.0
Freema Agyeman,1,8.0,7.0
Gabrielle Bluestone,1,7.2,7.0
Garry Shandling,1,6.7,7.0
Gary W. Noesner,1,7.0,7.0
Gemma Chan,1,6.8,7.0
Gemma Forbes,1,6.3,7.0
Gerald McRaney,1,6.7,7.0
Geri Horner,1,7.1,7.0
Gerry Becker,1,7.4,7.0
Gil Carrillo,1,7.5,7.0
Gina Rodriguez,1,6.8,7.0
Gordon Alexander,1,6.7,7.0
Gregory Steven Soliz,1,7.3,7.0
Griffin Gluck,1,6.2,7.0
Gunjan Banerji,1,6.3,7.0
Gustav Lindh,1,7.0,7.0
Hamish Phillips,1,7.1,7.0
Hank Rogerson,1,7.7,7.0
Hanna Alström,1,6.7,7.0
Hannah Gross,1,8.6,7.0
Haraldo Alvarez,1,7.1,7.0
Hayley McFarland,1,7.5,7.0
Hazel Sandery,1,6.7,7.0
Heather Jones,1,7.0,7.0
Heather Woock,1,6.6,7.0
Henry Andrawes,1,6.7,7.0
Henry Czerny,1,6.7,7.0
Henry Ian Cusick,1,7.5,7.0
Henry Rolle,1,7.2,7.0
Herb Caillouet,1,7.0,7.0
Hilary Swank,1,6.7,7.0
Holland Taylor,1,7.1,7.0
Holt McCallany,1,8.6,7.0
Horatio Sanz,1,6.5,7.0
Howard Ferguson Jr.,1,7.1,7.0
Ian Buchanan,1,6.8,7.0
Ian Hart,1,7.7,7.0
Ida Darvish,1,6.2,7.0
Irma P. Hall,1,7.5,7.0
Isabela Merced,1,7.1,7.0
Isabella Rossellini,1,6.9,7.0
Isaiah Washington,1,7.5,7.0
Isla Fisher,1,7.2,7.0
Isla Johnston,1,8.5,7.0
Ismael Cruz Cordova,1,7.4,7.0
J.D.,1,7.5,7.0
Ja Rule,1,7.2,7.0
Jack Dylan Grazer,1,7.3,7.0
Jack Kesy,1,7.6,7.0
Jack Lowden,1,7.8,7.0
Jack McGee,1,6.8,7.0
Jacob 'Stitch' Duran,1,7.6,7.0
Jacob Nolan,1,6.7,7.0
Jacob Pitts,1,6.8,7.0
Jacoba Ballard,1,6.6,7.0
Jada Pinkett Smith,1,7.5,7.0
Jadyn Malone,1,7.9,7.0
Jaeden Martell,1,7.3,7.0
Jai Courtney,1,7.2,7.0
Jake Clifton,1,6.9,7.0
Jake Sim,1,7.3,7.0
Jakob Ulrich,1,6.5,7.0
Jalil Jay Lynch,1,6.7,7.0
James Bloor,1,7.8,7.0
James Cade,1,8.3,7.0
James Michael Tyler,1,8.9,7.0
James Oliver,1,7.1,7.0
James Ransone,1,6.8,7.0
James Scully,1,7.7,7.0
Jamie Lee Curtis,1,7.9,7.0
Jane Musgrave,1,7.1,7.0
Janet Montgomery,1,8.0,7.0
Janet Zappala,1,6.8,7.0
Janina Elkin,1,8.5,7.0
Jarod Joseph,1,7.5,7.0
Jason Bell,1,7.2,7.0
Jason Hyatt,1,6.6,7.0
Jason Lee,1,8.0,7.0
Javier Gutiérrez,1,7.4,7.0
Jay Ellis,1,8.2,7.0
Jayden Davison,1,7.1,7.0
Jean Sincere,1,8.0,7.0
Jean Smart,1,7.3,7.0
Jean-Claude Van Damme,1,6.5,7.0
Jee Young Han,1,6.2,7.0
Jeff Burkes,1,7.0,7.0
Jeff Goldblum,1,7.9,7.0
Jefferson White,1,7.0,7.0
Jennifer Hasty,1,6.9,7.0
Jennifer Taylor,1,7.1,7.0
Jenny Slate,1,6.6,7.0
Jeremy Ray Taylor,1,7.3,7.0
Jessie Ennis,1,5.6,7.0
Jim Cavanaugh,1,7.0,7.0
Jim Norton,1,7.4,7.0
Jim Sturgess,1,6.8,7.0
Jocko Sims,1,8.0,7.0
Joe Keery,1,7.1,7.0
Joe Manganiello,1,7.4,7.0
Joe Tuttle,1,8.6,7.0
Joel David Moore,1,7.9,7.0
Joel Edgerton,1,6.8,7.0
Joel McHale,1,6.9,7.0
Joel McKinnon Miller,1,8.4,7.0
John Atkinson,1,6.9,7.0
John Doman,1,6.7,7.0
John McLemore,1,7.0,7.0
John Noble,1,6.3,7.0
John Ostrander,1,7.2,7.0
John Schwab,1,6.8,7.0
Johnny Carson,1,6.7,7.0
Johnny Whitworth,1,7.4,7.0
Jon Cryer,1,7.1,7.0
Jonas Armstrong,1,7.9,7.0
Jordan Rocca,1,6.7,7.0
Jose Velazquez,1,7.2,7.0
Joseph Poliquin,1,7.0,7.0
Josh Duhamel,1,6.7,7.0
Josh Gad,1,6.8,7.0
Josh Stamberg,1,7.2,7.0
Josha Stradowski,1,7.1,7.0
Joshua Hill,1,6.9,7.0
Joshua Peace,1,6.9,7.0
Juan Diego Botto,1,6.6,7.0
Judith Roberts,1,6.7,7.0
Julia Butters,1,7.6,7.0
Julia Scarlett Dan,1,7.9,7.0
Julian Dennison,1,7.6,7.0
Julian Hilliard,1,6.3,7.0
Juliana Aidén Martinez,1,7.2,7.0
Julianne Moore,1,6.7,7.0
Julie Andrews,1,6.5,7.0
Julie Harmon,1,6.6,7.0
Julie Pearl,1,7.3,7.0
Juliet Rylance,1,6.8,7.0
Juliette Lewis,1,6.5,7.0
Julio Cesar Cedillo,1,7.7,7.0
Justin James Boykin,1,7.0,7.0
Justin Theroux,1,7.6,7.0
Karen Maruyama,1,6.1,7.0
Karl Dorcin,1,8.3,7.0
Kate Bosworth,1,6.8,7.0
Katherine Hozier-Adams,1,6.3,7.0
Katherine LaNasa,1,6.1,7.0
Katherine Langford,1,7.9,7.0
Katherine Waterston,1,7.2,7.0
Kathy Schroeder,1,7.0,7.0
Kedar Brown,1,6.9,7.0
Keith Allen,1,6.7,7.0
Keith Arthur Bolden,1,6.3,7.0
Keith Richards,1,6.6,7.0
Kevin Guthrie,1,6.5,7.0
Kick Gurry,1,7.9,7.0
Kidaan Zelleke,1,7.1,7.0
Kirk Baltz,1,8.3,7.0
Kit Erhart-Bruce,1,7.1,7.0
Kristen Stewart,1,6.8,7.0
Kwasi Songui,1,8.3,7.0
Kyla Deaver,1,7.5,7.0
LaKeith Stanfield,1,7.9,7.0
Larnell Stovall,1,6.7,7.0
Larry Canady,1,6.7,7.0
Larry Hankin,1,7.3,7.0
Larry the Cable Guy,1,6.7,7.0
Laura Haddock,1,6.6,7.0
Laura Harrier,1,7.4,7.0
Laurel Erickson,1,7.5,7.0
Lauren Maher,1,7.2,7.0
Laurence Belcher,1,7.7,7.0
Lawrence Tierney,1,8.3,7.0
Lea DeLaria,1,6.7,7.0
Lee Armstrong,1,7.8,7.0
Lee Byung-hun,1,5.7,7.0
Lee Hancock,1,7.0,7.0
Lee Pace,1,6.8,7.0
Leon Russom,1,7.5,7.0
Leslie Bibb,1,6.7,7.0
Letitia Wright,1,7.3,7.0
Lewis Pullman,1,8.2,7.0
Liam Campora,1,6.5,7.0
Lil Rel Howery,1,7.1,7.0
Lili Taylor,1,7.5,7.0
Lily Rabe,1,7.4,7.0
Linda Arthur,1,7.5,7.0
Lindsay Sloane,1,6.9,7.0
Lindsey Morgan,1,7.5,7.0
Lisa Kudrow,1,8.9,7.0
Lisa Shepherd-Stidham,1,6.6,7.0
Liza Lapira,1,6.8,7.0
Logan Lerman,1,7.3,7.0
Logan Manus,1,6.9,7.0
Lois Smith,1,7.4,7.0
Lorene Scafaria,1,7.2,7.0
Luca Padovan,1,7.7,7.0
Lucy Davis,1,7.3,7.0
Luke Bracey,1,5.7,7.0
Luke Hawker,1,6.7,7.0
Lupita Nyong'o,1,7.3,7.0
Lurie Poston,1,6.9,7.0
Lynda Gravatt,1,6.5,7.0
Maddie Lenton,1,6.7,7.0
Madison Bailey,1,7.5,7.0
Maeve Andrews,1,8.0,7.0
Maeve Courtier-Lilley,1,7.1,7.0
Maggie Smith,1,7.7,7.0
Maggie Wheeler,1,8.9,7.0
Malcolm C. Murray,1,6.6,7.0
Malik Bazille,1,7.6,7.0
Manuel Garcia-Rulfo,1,7.1,7.0
Marc Evan Jackson,1,8.4,7.0
Marcin Dorocinski,1,8.5,7.0
Marcus Garvey,1,6.8,7.0
Marcus Johnson,1,7.1,7.0
Maria Farmer,1,7.1,7.0
Marie Avgeropoulos,1,7.5,7.0
Marielle Heller,1,8.5,7.0
Marin Hinkle,1,7.1,7.0
Marin Ireland,1,7.1,7.0
Mark Clifton,1,6.9,7.0
Mark O'Brien,1,7.9,7.0
Mark Rylance,1,7.8,7.0
Marta Milans,1,6.6,7.0
Martha MacIsaac,1,7.6,7.0
Martín Fajardo,1,7.2,7.0
Martín Rodríguez,1,7.2,7.0
Marwan Kenzari,1,6.7,7.0
Mary Kitchen,1,6.5,7.0
Mary Steenburgen,1,6.9,7.0
Matilda De Angelis,1,7.4,7.0
Matt Bomer,1,7.4,7.0
Matt Helm,1,7.0,7.0
Matt Jones,1,7.3,7.0
Matt Kohrs,1,6.3,7.0
Matt Lanter,1,6.7,7.0
Matt LeBlanc,1,8.9,7.0
Matt Steinberg,1,6.5,7.0
Matt White,1,6.6,7.0
Matthew Jeffers,1,8.0,7.0
Matthew Macfadyen,1,7.6,7.0
Matthew Perry,1,8.9,7.0
Matthew Sim,1,7.2,7.0
Matthew Zuk,1,7.0,7.0
Maury Sterling,1,7.2,7.0
Mayling Ng,1,7.2,7.0
Mdavid Low,1,7.2,7.0
Megan Byrne,1,8.0,7.0
Megan Mane,1,6.9,7.0
Megan Mullally,1,6.2,7.0
Mel Gibson,1,6.0,7.0
Mel Raido,1,6.9,7.0
Melissa Fumero,1,8.4,7.0
Melora Walters,1,6.6,7.0
Michael Albala,1,6.9,7.0
Michael Cera,1,7.6,7.0
Michael Ciccarelli,1,7.2,7.0
Michael Devine,1,7.4,7.0
Michael Dorn,1,6.3,7.0
Michael Hall D'Addario,1,6.8,7.0
Michael Reiter,1,7.1,7.0
Michael Rispoli,1,6.4,7.0
Michael Rooker,1,7.2,7.0
Michelle Keegan,1,6.8,7.0
Michelle Licata,1,7.1,7.0
Michelle Rodriguez,1,7.9,7.0
Michelle Yeoh,1,6.5,7.0
Mike Wade,1,6.7,7.0
Mikey Guggenheim,1,6.3,7.0
Millicent Simmonds,1,7.5,7.0
Mima Riera,1,7.4,7.0
Miquel Fernández,1,7.4,7.0
Misha Highstead,1,6.9,7.0
Monica Barbaro,1,8.2,7.0
Morgan Lily,1,7.7,7.0
Moses Ingram,1,8.5,7.0
Mounir Margoum,1,6.7,7.0
Murielle Telio,1,7.4,7.0
Ned Beatty,1,8.3,7.0
Ned Eisenberg,1,7.4,7.0
Nelson Lee,1,7.0,7.0
Neo Randall,1,6.7,7.0
Nicholas Brendon,1,7.2,7.0
Nicholas Farrell,1,6.9,7.0
Nicholas Hamilton,1,7.3,7.0
Nick Kroll,1,5.6,7.0
Nick Nolte,1,6.7,7.0
Nora Navas,1,7.4,7.0
Nuno Lopes,1,6.6,7.0
Oliver Platt,1,7.7,7.0
Omar Sy,1,6.2,7.0
Omari Newton,1,8.3,7.0
Orlando Pineda,1,7.2,7.0
Owen Vaccaro,1,6.0,7.0
Owen Wilson,1,6.7,7.0
Paige Turco,1,7.5,7.0
Paolo Antonio Simioni,1,6.2,7.0
Patrick Bauchau,1,6.8,7.0
Paul Schulze,1,6.8,7.0
Paul Skolnick,1,7.5,7.0
Pearl Carrillo,1,7.5,7.0
Pedro Casablanc,1,6.6,7.0
Penn Badgley,1,7.7,7.0
Pete Davidson,1,7.2,7.0
Peter Berg,1,7.5,7.0
Peter Sasaki,1,6.3,7.0
Peter Smith,1,6.9,7.0
Phill Martin,1,7.0,7.0
Pierre Coffin,1,6.5,7.0
Polly Draper,1,7.1,7.0
Quentin Tarantino,1,8.3,7.0
Quinton 'Rampage' Jackson,1,6.7,7.0
Rachael Sassara,1,6.3,7.0
Raffey Cassidy,1,7.0,7.0
Randy Brooks,1,8.3,7.0
Raoul Max Trujillo,1,7.7,7.0
Ray Magliozzi,1,6.7,7.0
Ray Park,1,5.7,7.0
Rebel Wilson,1,6.4,7.0
Reginald Ballard,1,6.9,7.0
Remy Hii,1,7.4,7.0
Rhoda Griffis,1,7.2,7.0
Richard Blackburn,1,6.7,7.0
Richard Harmon,1,7.5,7.0
Richard Harris,1,7.7,7.0
Richard T. Jones,1,7.5,7.0
Rick Chambers,1,6.5,7.0
Ritchie Coster,1,7.6,7.0
Rizwan Manji,1,6.5,7.0
Rob Corddry,1,6.4,7.0
Rob Delaney,1,7.6,7.0
Rob Huebel,1,5.6,7.0
Rob Morgan,1,7.0,7.0
Rob Ramsay,1,8.3,7.0
Rob Riley,1,6.8,7.0
Robbie Coltrane,1,7.7,7.0
Robert John Burke,1,7.4,7.0
Rocky Citron,1,6.5,7.0
Ron Livingston,1,7.5,7.0
Ronnie Gene Blevins,1,6.3,7.0
Rory Cochrane,1,6.8,7.0
Rory Scovel,1,5.6,7.0
Rosemary Harris,1,7.4,7.0
Roy T. Anderson,1,6.7,7.0
Ruairi O'Connor,1,6.3,7.0
Rudy Pankow,1,7.5,7.0
Ryan Eggold,1,8.0,7.0
Ryan Simpkins,1,5.6,7.0
Sacha Baron Cohen,1,6.5,7.0
Saffron Burrows,1,7.7,7.0
Salah Fares,1,6.7,7.0
Sam Claflin,1,6.6,7.0
Sam Gilroy,1,6.5,7.0
Sam Golzari,1,6.8,7.0
Sam J. Jones,1,6.3,7.0
Sam Redford,1,7.2,7.0
Samantha Mathis,1,7.6,7.0
Samuel Krost,1,7.2,7.0
Sandino Moya-Smith,1,7.2,7.0
Sarah Baker,1,6.1,7.0
Sarah Brokensha,1,7.1,7.0
Sarah Catherine Hook,1,6.3,7.0
Sarah Gadon,1,6.9,7.0
Sarah Smith,1,6.9,7.0
Sasson Gabay,1,6.7,7.0
Saunders Triplets,1,7.7,7.0
Sayed Badreya,1,6.5,7.0
Saïd Taghmaoui,1,7.3,7.0
Scarlett Estevez,1,6.0,7.0
Scott Goldman,1,7.2,7.0
Scott Haze,1,6.6,7.0
Sean Gunn,1,7.2,7.0
Shanley Caswell,1,7.5,7.0
Sharlto Copley,1,6.7,7.0
Shawna Rivera,1,7.1,7.0
Shiyuan Deng,1,7.2,7.0
Sidse Babett Knudsen,1,6.2,7.0
Slimane Dazi,1,6.7,7.0
Sonny Valicenti,1,8.6,7.0
Sophia Lillis,1,7.3,7.0
Sophie Clifton,1,6.9,7.0
Sophie Wilde,1,7.1,7.0
Stacey Roca,1,8.6,7.0
Stephanie Beatriz,1,8.4,7.0
Stephen Corrall,1,6.9,7.0
Sterling K. Brown,1,7.3,7.0
Steve Wiebe,1,6.9,7.0
Stiliyan Mavrov,1,6.7,7.0
Suhail Dabbach,1,7.5,7.0
Summer Lenton,1,6.7,7.0
Sunny Johnson,1,7.1,7.0
Sylvester Stallone,1,7.6,7.0
Tahirah Sharif,1,7.4,7.0
Tahlia Sturzaker,1,6.7,7.0
Taika Waititi,1,7.1,7.0
Tangie Ambrose,1,6.2,7.0
Tara Fitzgerald,1,6.9,7.0
Taraji P. Henson,1,6.5,7.0
Tati Gabrielle,1,7.7,7.0
Tavis Smiley,1,6.8,7.0
Taylor St. Clair,1,7.5,7.0
Teddy Newton,1,8.0,7.0
Terry Crews,1,8.4,7.0
Thea Taylor-Morgan,1,6.8,7.0
Thomas Haden Church,1,6.7,7.0
Thomas Turgoose,1,6.7,7.0
Tilly Keeper,1,7.7,7.0
Tim Bentinck,1,7.2,7.0
Tim Post,1,6.9,7.0
Timothy Olyphant,1,7.6,7.0
Tobi Bakare,1,6.7,7.0
Todd Terry,1,7.3,7.0
Tom Bower,1,7.3,7.0
Tom Clarke Hill,1,7.2,7.0
Tom Hiddleston,1,7.9,7.0
Tom Rhys Harries,1,6.6,7.0
Tomas Arana,1,7.4,7.0
Toni Collette,1,7.9,7.0
Tony Bellew,1,7.6,7.0
Tony Plana,1,6.5,7.0
Tony Valdez,1,7.5,7.0
Tony Way,1,7.9,7.0
Travis Quentin,1,7.0,7.0
Tristan Tait,1,7.2,7.0
Tuva Novotny,1,6.8,7.0
Tyler Labine,1,8.0,7.0
Tyler Mane,1,6.7,7.0
Tzi Ma,1,7.9,7.0
Utkarsh Ambudkar,1,7.1,7.0
Val Kilmer,1,8.2,7.0
Vanessa Ferlito,1,7.2,7.0
Veronica Clifford,1,7.4,7.0
Vicki Bogan,1,6.3,7.0
Victor Garber,1,7.7,7.0
Victoria Leigh,1,6.8,7.0
Vince Pisani,1,7.0,7.0
Vinessa Shaw,1,7.1,7.0
Vinicius Damasceno,1,6.7,7.0
Virginia Roberts Giuffre,1,7.1,7.0
Wagner Moura,1,7.0,7.0
Waleed Zuaiter,1,6.7,7.0
Wanda Sykes,1,6.7,7.0
Wes Studi,1,7.9,7.0
William Shatner,1,6.7,7.0
Winston Duke,1,7.3,7.0
Wolf Roth,1,6.5,7.0
Wyatt Oleff,1,7.3,7.0
Yaya DaCosta,1,7.4,7.0
Zachary Scott Ross,1,8.6,7.0
Zack Pearlman,1,6.2,7.0
Zoey Deutch,1,6.2,7.0
Zoey Tur,1,7.5,7.0
Álvaro Morte,1,7.4,7.0
Abby Quinn,1,6.1,6.0
Aimee Carrero,1,7.2,6.0
Alan Cumming,1,7.4,6.0
Alexandra Masangkay,1,7.0,6.0
Algis Arlauskas,1,7.0,6.0
Alison Brie,1,6.0,6.0
Alyssa Nicole Pallett,1,5.1,6.0
Amr Waked,1,6.4,6.0
Ana de la Reguera,1,5.8,6.0
Andy Nyman,1,6.3,6.0
Angus Barnett,1,6.5,6.0
Anna Popplewell,1,6.9,6.0
Annie Cushing,1,7.0,6.0
Antonia San Juan,1,7.0,6.0
April Raymond,1,7.0,6.0
Archie Panjabi,1,6.1,6.0
Ariana Neal,1,6.0,6.0
Art Parkinson,1,6.1,6.0
Barry Cox,1,7.0,6.0
Ben Aldridge,1,6.1,6.0
Bill Murray,1,7.5,6.0
Bobby Naderi,1,6.3,6.0
Brady Lewis,1,6.6,6.0
Brenton Thwaites,1,6.5,6.0
Byron Mann,1,5.8,6.0
Cansel Kiziltepe,1,7.2,6.0
Carlos Saldanha,1,6.7,6.0
Cesar Aguirre,1,7.5,6.0
Charles Aitken,1,6.6,6.0
Chin Han,1,5.8,6.0
Choi Min-sik,1,6.4,6.0
Chris McGarry,1,7.2,6.0
Christina Clementi,1,7.2,6.0
Christine Barger,1,5.3,6.0
Clara Lago,1,6.3,6.0
Colby Ryan,1,7.0,6.0
Colin H. Murphy,1,6.7,6.0
Da'Vone McDonald,1,7.1,6.0
Dan Dargan Carter,1,6.6,6.0
Dan McCrum,1,7.2,6.0
Dani Rovira,1,6.6,6.0
David Witts,1,6.3,6.0
Deborah Rush,1,6.3,6.0
Denise Nakano,1,6.1,6.0
Derek Graf,1,7.5,6.0
Dylan Baker,1,6.3,6.0
Dylan O'Brien,1,5.5,6.0
Edwina Findley,1,6.0,6.0
Ella Purnell,1,5.8,6.0
Elle Alexander,1,7.5,6.0
Ellora Torchia,1,7.1,6.0
Emilio Buale,1,7.0,6.0
Emmy Raver-Lampman,1,6.3,6.0
Eri Ishida,1,5.4,6.0
Eric Goode,1,7.0,6.0
Erick Chavarria,1,6.0,6.0
Fahmi Quadir,1,7.2,6.0
Famke Janssen,1,7.4,6.0
Florence Pugh,1,7.1,6.0
Florian Toncar,1,7.2,6.0
Fraser Aitcheson,1,5.9,6.0
Frederick Koehler,1,6.4,6.0
Georgie Henley,1,6.9,6.0
Gerry Bednob,1,7.1,6.0
Glenn Ennis,1,5.9,6.0
Golshifteh Farahani,1,6.5,6.0
Gunnel Fred,1,7.1,6.0
Hannah Quinlivan,1,5.8,6.0
Haruka Abe,1,5.4,6.0
Henrik Norlén,1,7.1,6.0
Hugo Johnstone-Burt,1,6.1,6.0
Ian Merrill Peakes,1,6.1,6.0
Iko Uwais,1,5.4,6.0
Ioan Gruffudd,1,6.1,6.0
Isabelle Grill,1,7.1,6.0
Israel Broussard,1,6.6,6.0
Ivan Massagué,1,7.0,6.0
Jack Gore,1,6.7,6.0
Jack McBrayer,1,7.1,6.0
Jack Reynor,1,7.1,6.0
Jack Whitehall,1,6.6,6.0
Jacob G. Akins,1,7.5,6.0
Jacob Vargas,1,6.4,6.0
James Cosmo,1,6.9,6.0
James Grogan,1,6.9,6.0
Jan Oliver Schroeder,1,6.4,6.0
Jane Lynch,1,7.1,6.0
Janet McTeer,1,7.2,6.0
Janis Cox,1,7.0,6.0
Jason Bayle,1,6.6,6.0
Jemma Redgrave,1,6.3,6.0
Jeremy Sisto,1,6.7,6.0
Jessica Booker,1,5.1,6.0
Jessica Rothe,1,6.6,6.0
Jet Jurgensmeyer,1,6.7,6.0
Jill Wagner,1,5.9,6.0
Jim Benemann,1,7.2,6.0
Joan Allen,1,6.4,6.0
Joe Bostick,1,5.1,6.0
John Matthias,1,7.0,6.0
John Mayer,1,6.0,6.0
Juanes,1,6.7,6.0
Judah Nelson,1,6.3,6.0
Judith Light,1,7.2,6.0
Judy McIntosh,1,6.9,6.0
Julian Rhind-Tutt,1,6.4,6.0
Julie Rowe,1,7.0,6.0
Justin Lum,1,7.0,6.0
Justin Mader,1,6.4,6.0
Jóhannes Haukur Jóhannesson,1,5.5,6.0
Kae Alexander,1,5.5,6.0
Karen Leigh,1,7.2,6.0
Kelsee Ryan,1,7.0,6.0
Killian Scott,1,6.3,6.0
Kiran Shah,1,6.9,6.0
Kristen Bell,1,7.1,6.0
Kristen Cui,1,6.1,6.0
Kylie Minogue,1,6.1,6.0
Laura Clifton,1,6.6,6.0
Lena Kampf,1,7.2,6.0
Leslie Mann,1,7.1,6.0
Lexie Galante,1,5.3,6.0
Lio Tipton,1,6.4,6.0
Liz Cackowski,1,7.1,6.0
Liz Carr,1,5.5,6.0
Ludi Lin,1,6.8,6.0
Luis Carlos de La Lombana,1,6.7,6.0
Luke Epple,1,7.2,6.0
Marcelo Kopcow,1,7.2,6.0
Maria Ricossa,1,5.1,6.0
Maria Thayer,1,7.1,6.0
Mario Pardo,1,7.0,6.0
Mark Christopher Collins,1,6.9,6.0
Mark Jamieson,1,7.2,6.0
Martin Osterloh,1,7.2,6.0
Matthew Earl,1,7.2,6.0
Matthias Schweighöfer,1,5.8,6.0
Max Ryan,1,6.4,6.0
McKenna Kerrigan,1,6.1,6.0
McKenna Roberts,1,5.8,6.0
Meagan Good,1,6.3,6.0
Meghan Heffern,1,5.3,6.0
Mia Wasikowska,1,7.2,6.0
Michael Epp,1,6.3,6.0
Michelle Cormier,1,5.1,6.0
Michelle Greenidge,1,5.9,6.0
Molly Cheek,1,6.3,6.0
Moshana Halbert,1,5.3,6.0
Neve Campbell,1,5.8,6.0
Nichol Kessinger,1,7.2,6.0
Nick Nicotera,1,5.3,6.0
Nickole Atkinson,1,7.2,6.0
Nicolas Phongpheth,1,6.4,6.0
Nile Diaz,1,6.7,6.0
Noah Cottrell,1,5.8,6.0
Noah Taylor,1,5.8,6.0
Nora Arnezeder,1,5.8,6.0
Pablo Schreiber,1,5.8,6.0
Paul Ben-Victor,1,6.0,6.0
Paul Lefevre,1,6.4,6.0
Paul Murphy,1,7.2,6.0
Peter Mensah,1,5.4,6.0
Pilou Asbæk,1,6.4,6.0
Quim Gutiérrez,1,6.6,6.0
Rachel Matthews,1,6.6,6.0
Ramsey Anderson,1,6.6,6.0
Rebecca Romijn,1,7.4,6.0
Reed Birney,1,7.2,6.0
Rob Bowen,1,5.9,6.0
Rob Mello,1,6.6,6.0
Roland Møller,1,5.8,6.0
Romany Malco,1,7.1,6.0
Ross Thomas,1,5.1,6.0
Ruby Modine,1,6.6,6.0
Rupert Friend,1,5.5,6.0
Sam Neill,1,6.3,6.0
Samara Weaving,1,5.4,6.0
Samuel Finzi,1,5.4,6.0
Sasha Rossof,1,5.9,6.0
Shazad Latif,1,6.3,6.0
Shelley Malil,1,7.1,6.0
Shia LaBeouf,1,7.2,6.0
Sian Webber,1,5.9,6.0
Skandar Keynes,1,6.9,6.0
Sophie Cookson,1,5.5,6.0
Stephany Sexton,1,5.1,6.0
Steve Talley,1,5.3,6.0
Tammy Lee,1,7.2,6.0
Tara Reid,1,6.4,6.0
Taylor James,1,6.3,6.0
Taylor Wily,1,7.1,6.0
Teach Grant,1,5.9,6.0
Temuera Morrison,1,6.8,6.0
Theresa Marchetta,1,7.2,6.0
Tig Notaro,1,5.8,6.0
Tilda Swinton,1,6.9,6.0
Tim Tolin,1,7.2,6.0
Tip 'T.I.' Harris,1,6.0,6.0
Tobias Bosler,1,7.2,6.0
Todd Scott,1,5.9,6.0
Tom Mustin,1,7.2,6.0
Txubio Fernández de Jáuregui,1,7.0,6.0
Tyrese Gibson,1,6.4,6.0
Vaisia Itaaehau,1,7.0,6.0
Veronica Falcón,1,6.6,6.0
Vilhelm Blomgren,1,7.1,6.0
William Jackson Harper,1,7.1,6.0
William Moseley,1,6.9,6.0
Zihara Llana,1,7.0,6.0
Zorion Eguileor,1,7.0,6.0
Úrsula Corberó,1,5.4,6.0
Adria Arjona,1,6.8,5.0
Aidan Devine,1,6.0,5.0
Angela Little,1,5.0,5.0
Anna Faris,1,3.4,5.0
Anne Leighton,1,6.0,5.0
Anthony Ramos,1,6.0,5.0
Arielle Kebbel,1,5.0,5.0
Austin Amelio,1,6.8,5.0
Austin P. McKenzie,1,6.0,5.0
Ava Weiss,1,5.1,5.0
Bryant Carroll,1,6.8,5.0
Caren Pistorius,1,6.0,5.0
Carolina Bartczak,1,5.1,5.0
Charlie Plummer,1,5.1,5.0
Christina Aguilera,1,3.4,5.0
Crystle Lightning,1,5.0,5.0
Dan Castellaneta,1,4.3,5.0
Dean Scott Vazquez,1,6.0,5.0
Devyn A. Tyler,1,6.0,5.0
Dominique Fishback,1,6.0,5.0
Evan Holtzman,1,6.8,5.0
Frank Marrs,1,6.0,5.0
Gabriel Bateman,1,6.0,5.0
Glen Powell,1,6.8,5.0
Gralen Bryant Banks,1,6.8,5.0
Hazel Nugent,1,5.1,5.0
James Corden,1,3.4,5.0
Jamie Bell,1,4.3,5.0
Jason Earles,1,5.0,5.0
Jimmi Simpson,1,6.0,5.0
Joshua Montes,1,4.3,5.0
Juliene Joyner,1,6.0,5.0
Jun Hee Lee,1,5.0,5.0
Kelly Yu,1,5.1,5.0
Kerwin Jackson,1,6.0,5.0
Lauren C. Mayhew,1,5.0,5.0
Leni Parker,1,6.0,5.0
Matt Barr,1,5.0,5.0
Maya Rudolph,1,3.4,5.0
Mike Markoff,1,6.8,5.0
Molly Bernard,1,6.8,5.0
Owen Judge,1,4.3,5.0
Rachael Ray,1,3.4,5.0
Sanjay Rao,1,6.8,5.0
Sarah Stiles,1,6.0,5.0
Stephen Louis Grush,1,6.0,5.0
Steven Wright,1,3.4,5.0
Sylvia Grace Crim,1,6.0,5.0
Tad Hilgenbrink,1,5.0,5.0
Tim Blake Nelson,1,4.3,5.0
Tobe Nwigwe,1,6.0,5.0
Zayn Maloney,1,5.1,5.0
Alex Karzis,1,4.9,4.0
Julie Khaner,1,4.9,4.0
Kira Guloien,1,4.9,4.0
Liane Balaban,1,4.9,4.0
Mary Ann Stevens,1,4.9,4.0
Oona Chaplin,1,4.9,4.0
R Austin Ball,1,4.9,4.0
Ramón Rodríguez,1,4.9,4.0
Sasha Rajamani,1,4.9,4.0
Spencer Macpherson,1,4.9,4.0
Brooklynn Prince,1,5.9,3.0
Chris Massoglia,1,5.8,3.0
Christian Convery,1,5.9,3.0
Colleen Camp,1,5.8,3.0
Don McManus,1,5.8,3.0
Isiah Whitlock Jr.,1,5.9,3.0
Jessica Carlson,1,5.8,3.0
Kristofer Hivju,1,5.9,3.0
Margo Martindale,1,5.9,3.0
Michael Cerveris,1,5.8,3.0
Morgan Saylor,1,5.8,3.0
O'Shea Jackson Jr.,1,5.9,3.0
Akihiro Kitamura,1,2.7,2.0
Bill Hutchens,1,2.7,2.0
Bree Olson,1,2.7,2.0
Clayton Rohner,1,2.7,2.0
Dieter Laser,1,2.7,2.0
Eric Roberts,1,2.7,2.0
Jay Tavare,1,2.7,2.0
Laurence R. Harvey,1,2.7,2.0
Robert LaSardo,1,2.7,2.0
Tom Lister Jr.,1,2.7,2.0
