Const,Your Rating,Date Rated,Title,Original Title,URL,Title Type,IMDb Rating,Runtime (mins),Year,Genres,Num Votes,Release Date,Directors
tt0080684,9,2025-01-14,"Star Wars: Episode V - The Empire Strikes Back","Star Wars: Episode V - The Empire Strikes Back",https://www.imdb.com/title/tt0080684,Movie,8.7,124,1980,"Fantasy, Sci-Fi, Adventure, Action",1421163,"1980-05-21","Irvin Kershner"
tt0076759,8,2025-01-13,"Star Wars: Episode IV - A New Hope","Star Wars",https://www.imdb.com/title/tt0076759,Movie,8.6,121,1977,"Sci-Fi, Adventure, Fantasy, Action",1489861,"1978-01-29","George Lucas"
tt5537002,8,2025-01-10,"Killers of the Flower Moon","Killers of the Flower Moon",https://www.imdb.com/title/tt5537002,Movie,7.6,206,2023,"Drama, Crime, History, Western, Mystery, Romance",271618,"2023-10-20","Martin Scorsese"
tt1442437,8,2024-11-24,"Modern Family","Modern Family",https://www.imdb.com/title/tt1442437,TV Series,8.5,22,2009,"Comedy, Romance, Drama",506435,"2009-10-15",
tt0765010,9,2024-09-20,"Brothers","Brothers",https://www.imdb.com/title/tt0765010,Movie,7.1,105,2009,"Drama, War, Thriller",156852,"2010-01-22","Jim Sheridan"
tt4276820,8,2024-08-18,"The Founder","The Founder",https://www.imdb.com/title/tt4276820,Movie,7.2,115,2016,"Biography, Drama",187461,"2017-02-17","John Lee Hancock"
tt1502712,5,2024-08-11,"Fantastic Four","Fantastic Four",https://www.imdb.com/title/tt1502712,Movie,4.3,100,2015,"Action, Sci-Fi, Adventure",180809,"2015-08-06","Josh Trank"
tt15398776,9,2024-08-04,"Oppenheimer","Oppenheimer",https://www.imdb.com/title/tt15398776,Movie,8.3,180,2023,"Biography, Drama, History",841370,"2023-07-21","Christopher Nolan"
tt2467372,7,2024-07-28,"Brooklyn Nine-Nine","Brooklyn Nine-Nine",https://www.imdb.com/title/tt2467372,TV Series,8.4,22,2013,"Comedy, Crime",385157,"2014-01-16",
tt6263850,7,2024-07-28,"Deadpool & Wolverine","Deadpool & Wolverine",https://www.imdb.com/title/tt6263850,Movie,7.6,128,2024,"Action, Comedy, Sci-Fi, Adventure",451531,"2024-07-25","Shawn Levy"
tt1344204,7,2024-06-27,"Blue Mountain State","Blue Mountain State",https://www.imdb.com/title/tt1344204,TV Series,8.3,22,2010,"Comedy, Sport",60455,"2010-04-18",
tt16296870,8,2024-06-27,"The Railway Men: The Untold Story of Bhopal 1984","The Railway Men: The Untold Story of Bhopal 1984",https://www.imdb.com/title/tt16296870,TV Mini Series,8.5,60,2023,"Drama, History, Thriller",25965,"2023-11-18",
tt0979432,8,2024-06-27,"Boardwalk Empire","Boardwalk Empire",https://www.imdb.com/title/tt0979432,TV Series,8.6,60,2010,"Drama, Crime",208968,"2011-02-01",
tt17279496,7,2024-06-14,"Civil War","Civil War",https://www.imdb.com/title/tt17279496,Movie,7.0,109,2024,"Action, Thriller, Adventure",216673,"2024-04-12","Alex Garland"
tt0295297,7,2024-06-11,"Harry Potter and the Chamber of Secrets","Harry Potter and the Chamber of Secrets",https://www.imdb.com/title/tt0295297,Movie,7.4,161,2002,"Mystery, Family, Adventure, Fantasy",718725,"2002-11-15","Chris Columbus"
tt0383574,7,2024-06-11,"Pirates of the Caribbean: Dead Man's Chest","Pirates of the Caribbean: Dead Man's Chest",https://www.imdb.com/title/tt0383574,Movie,7.4,151,2006,"Adventure, Fantasy, Action",787865,"2006-07-06","Gore Verbinski"
tt20215968,5,2024-06-11,"Hit Man","Hit Man",https://www.imdb.com/title/tt20215968,Movie,6.8,115,2023,"Comedy, Crime, Romance",106616,"2024-06-07","Richard Linklater"
tt9243946,7,2024-06-11,"El Camino: A Breaking Bad Movie","El Camino",https://www.imdb.com/title/tt9243946,Movie,7.3,122,2019,"Drama, Crime, Thriller",308669,"2019-10-11","Vince Gilligan"
tt32244679,8,2024-05-12,"The Roast of Tom Brady","The Roast of Tom Brady",https://www.imdb.com/title/tt32244679,Movie,7.3,179,2024,"Documentary, Comedy",5708,"2024-05-06","Beth McCarthy-Miller"
tt13649112,9,2024-05-12,"Baby Reindeer","Baby Reindeer",https://www.imdb.com/title/tt13649112,TV Mini Series,7.7,30,2024,"Biography, Drama",162845,"2024-04-11",
tt15314262,6,2024-05-10,"The Beekeeper","The Beekeeper",https://www.imdb.com/title/tt15314262,Movie,6.3,105,2024,"Thriller, Action, Crime",146509,"2024-01-12","David Ayer"
tt2582802,8,2024-04-30,"Whiplash","Whiplash",https://www.imdb.com/title/tt2582802,Movie,8.5,106,2014,"Drama, Music",1046145,"2015-01-16","Damien Chazelle"
tt4495098,7,2024-04-25,"Gran Turismo","Gran Turismo",https://www.imdb.com/title/tt4495098,Movie,7.1,134,2023,"Action, Adventure, Drama, Sport",115614,"2023-08-09","Neill Blomkamp"
tt13210838,8,2024-03-31,"The Gentlemen","The Gentlemen",https://www.imdb.com/title/tt13210838,TV Series,8.0,50,2024,"Action, Comedy, Crime",152456,"2024-03-07",
tt2802850,10,2024-03-01,"Fargo","Fargo",https://www.imdb.com/title/tt2802850,TV Series,8.9,60,2014,"Crime, Drama, Thriller",437994,"2014-04-20",
tt14824792,8,2024-02-22,"Ted","Ted",https://www.imdb.com/title/tt14824792,TV Series,7.9,,2024,"Comedy",33106,"2024-02-09",
tt15837600,7,2024-02-01,"Griselda","Griselda",https://www.imdb.com/title/tt15837600,TV Mini Series,7.2,60,2024,"Crime, Drama, Biography",46073,"2024-01-25",
tt0804503,9,2024-01-23,"Mad Men","Mad Men",https://www.imdb.com/title/tt0804503,TV Series,8.7,45,2007,"Drama",270398,"2008-03-04",
tt30088797,7,2024-01-17,"Ricky Gervais: Armageddon","Ricky Gervais: Armageddon",https://www.imdb.com/title/tt30088797,TV Special,7.1,63,2023,"Documentary, Comedy",15744,"2023-12-25","John L. Spencer"
tt29650142,6,2024-01-17,"Matt Rife: Natural Selection","Matt Rife: Natural Selection",https://www.imdb.com/title/tt29650142,TV Special,4.9,64,2023,"Comedy",3468,"2023-11-15","Erik Griffin"
tt2126355,6,2024-01-10,"San Andreas","San Andreas",https://www.imdb.com/title/tt2126355,Movie,6.1,114,2015,"Action, Thriller, Adventure",263966,"2015-05-28","Brad Peyton"
tt5611024,7,2024-01-09,"Fool Me Once","Fool Me Once",https://www.imdb.com/title/tt5611024,TV Mini Series,6.8,50,2024,"Thriller, Crime, Drama, Mystery",62198,"2024-01-01",
tt2306299,8,2024-01-07,"Vikings","Vikings",https://www.imdb.com/title/tt2306299,TV Series,8.5,45,2013,"Action, Drama, History, War, Romance, Adventure",607557,"2013-05-24",
tt0903747,10,2023-11-05,"Breaking Bad","Breaking Bad",https://www.imdb.com/title/tt0903747,TV Series,9.5,45,2008,"Drama, Crime, Thriller",2266660,"2008-09-28",
tt13159924,8,2023-11-02,"Gen V","Gen V",https://www.imdb.com/title/tt13159924,TV Series,7.7,50,2023,"Comedy, Action, Adventure, Drama, Sci-Fi",116826,"2023-09-29",
tt0325980,8,2023-10-24,"Pirates of the Caribbean: The Curse of the Black Pearl","Pirates of the Caribbean: The Curse of the Black Pearl",https://www.imdb.com/title/tt0325980,Movie,8.1,143,2003,"Fantasy, Action, Adventure",1248126,"2003-08-08","Gore Verbinski"
tt1790809,6,2023-10-23,"Pirates of the Caribbean: Salazar's Revenge","Pirates of the Caribbean: Dead Men Tell No Tales",https://www.imdb.com/title/tt1790809,Movie,6.5,129,2017,"Action, Adventure, Fantasy",359537,"2017-05-26","Joachim Rønning,Espen Sandberg"
tt1298650,7,2023-10-23,"Pirates of the Caribbean: On Stranger Tides","Pirates of the Caribbean: On Stranger Tides",https://www.imdb.com/title/tt1298650,Movie,6.6,137,2011,"Action, Adventure, Fantasy",579152,"2011-05-18","Rob Marshall"
tt10059518,5,2023-10-23,"Unhinged","Unhinged",https://www.imdb.com/title/tt10059518,Movie,6.0,90,2020,"Thriller, Action",81573,"2020-07-31","Derrick Borte"
tt7817340,7,2023-10-21,"New Amsterdam","New Amsterdam",https://www.imdb.com/title/tt7817340,TV Series,8.0,43,2018,"Drama",52410,"2019-02-08",
tt15567174,9,2023-10-21,"The Fall of the House of Usher","The Fall of the House of Usher",https://www.imdb.com/title/tt15567174,TV Mini Series,7.9,60,2023,"Drama, Horror, Mystery",122197,"2023-10-12",
tt0285403,8,2023-10-19,"Scrubs","Scrubs",https://www.imdb.com/title/tt0285403,TV Series,8.4,22,2001,"Drama, Comedy",275384,"2002-01-17",
tt0460649,9,2023-10-12,"How I Met Your Mother","How I Met Your Mother",https://www.imdb.com/title/tt0460649,TV Series,8.3,23,2005,"Comedy, Romance, Drama",750697,"2006-05-07",
tt10638522,7,2023-09-24,"Talk to Me","Talk to Me",https://www.imdb.com/title/tt10638522,Movie,7.1,95,2022,"Horror, Thriller",174214,"2023-07-28","Danny Philippou,Michael Philippou"
tt0369179,7,2023-08-16,"Two and a Half Men","Two and a Half Men",https://www.imdb.com/title/tt0369179,TV Series,7.1,22,2003,"Comedy, Romance",286953,"2004-07-05",
tt1583421,7,2023-07-28,"G.I. Joe: Retaliation","G.I. Joe: Retaliation",https://www.imdb.com/title/tt1583421,Movie,5.7,110,2013,"Action, Adventure, Sci-Fi, Thriller",189217,"2013-03-27","Jon M. Chu"
tt5090568,5,2023-07-26,"Transformers: Rise of the Beasts","Transformers: Rise of the Beasts",https://www.imdb.com/title/tt5090568,Movie,6.0,127,2023,"Action, Adventure, Sci-Fi",117454,"2023-06-09","Steven Caple Jr."
tt5180504,8,2023-07-23,"The Witcher","The Witcher",https://www.imdb.com/title/tt5180504,TV Series,8.0,60,2019,"Adventure, Fantasy, Mystery, Action, Drama",588567,"2019-12-20",
tt1485796,8,2023-07-07,"The Greatest Showman","The Greatest Showman",https://www.imdb.com/title/tt1485796,Movie,7.5,105,2017,"Musical, Drama, Biography",325353,"2017-12-26","Michael Gracey"
tt0098844,8,2023-06-15,"Law & Order","Law & Order",https://www.imdb.com/title/tt0098844,TV Series,7.8,45,1990,"Thriller, Crime, Drama, Mystery",46616,"1991-04-08",
tt8706598,6,2023-06-12,"The Hitman's Bodyguard: The Hitman vs. The Bodyguard","The Hitman's Bodyguard: The Hitman vs. The Bodyguard",https://www.imdb.com/title/tt8706598,Video,6.9,5,2017,"Short, Action, Comedy, Crime, Thriller",32017,"2017-12-11",
tt1156398,6,2023-06-12,"Zombieland","Zombieland",https://www.imdb.com/title/tt1156398,Movie,7.5,88,2009,"Comedy, Action, Horror",638526,"2009-10-07","Ruben Fleischer"
tt5463162,7,2023-06-12,"Deadpool 2","Deadpool 2",https://www.imdb.com/title/tt5463162,Movie,7.6,119,2018,"Action, Adventure, Comedy, Sci-Fi",699086,"2018-05-15","David Leitch"
tt1392170,7,2023-06-12,"The Hunger Games","The Hunger Games",https://www.imdb.com/title/tt1392170,Movie,7.2,142,2012,"Adventure, Sci-Fi, Thriller, Action",1029426,"2012-03-23","Gary Ross"
tt0800039,6,2023-05-12,"Forgetting Sarah Marshall","Forgetting Sarah Marshall",https://www.imdb.com/title/tt0800039,Movie,7.1,111,2008,"Comedy, Romance, Drama",308062,"2008-04-25","Nicholas Stoller"
tt0472954,10,2023-05-11,"It's Always Sunny in Philadelphia","It's Always Sunny in Philadelphia",https://www.imdb.com/title/tt0472954,TV Series,8.8,22,2005,"Comedy",262042,"2006-02-06",
tt1637725,7,2023-05-11,"Ted","Ted",https://www.imdb.com/title/tt1637725,Movie,6.9,106,2012,"Comedy",674811,"2012-08-01","Seth MacFarlane"
tt0829482,7,2023-05-05,"Superbad","Superbad",https://www.imdb.com/title/tt0829482,Movie,7.6,113,2007,"Comedy",654383,"2007-09-14","Greg Mottola"
tt0198781,8,2023-05-05,"Monsters, Inc.","Monsters, Inc.",https://www.imdb.com/title/tt0198781,Movie,8.1,92,2001,"Animation, Adventure, Comedy, Family, Fantasy",1012807,"2002-02-08","Pete Docter,David Silverman,Lee Unkrich"
tt1798709,8,2023-05-04,"Her","Her",https://www.imdb.com/title/tt1798709,Movie,8.0,126,2013,"Romance, Sci-Fi, Drama",692499,"2014-02-14","Spike Jonze"
tt0450405,3,2023-05-02,"Cirque du Freak: The Vampire's Assistant","Cirque du Freak: The Vampire's Assistant",https://www.imdb.com/title/tt0450405,Movie,5.8,119,2009,"Adventure, Fantasy, Action, Thriller",48708,"2009-10-23","Paul Weitz"
tt1951264,7,2023-05-02,"The Hunger Games: Catching Fire","The Hunger Games: Catching Fire",https://www.imdb.com/title/tt1951264,Movie,7.5,146,2013,"Sci-Fi, Thriller, Action, Adventure",739090,"2013-11-21","Francis Lawrence"
tt0126029,8,2023-04-27,"Shrek","Shrek",https://www.imdb.com/title/tt0126029,Movie,7.9,90,2001,"Animation, Fantasy, Comedy, Family, Adventure, Romance",760566,"2001-06-29","Andrew Adamson,Vicky Jenson"
tt0110357,8,2023-04-27,"The Lion King","The Lion King",https://www.imdb.com/title/tt0110357,Movie,8.5,88,1994,"Animation, Musical, Drama, Fantasy, Adventure, Family",1184841,"1994-10-07","Roger Allers,Rob Minkoff"
tt0317705,7,2023-04-27,"The Incredibles","The Incredibles",https://www.imdb.com/title/tt0317705,Movie,8.0,115,2004,"Animation, Action, Adventure, Family",840841,"2004-11-26","Brad Bird"
tt0382932,8,2023-04-27,"Ratatouille","Ratatouille",https://www.imdb.com/title/tt0382932,Movie,8.1,111,2007,"Animation, Comedy, Family, Fantasy, Adventure",866853,"2007-10-12","Brad Bird,Jan Pinkava"
tt0435761,7,2023-04-27,"Toy Story 3","Toy Story 3",https://www.imdb.com/title/tt0435761,Movie,8.3,103,2010,"Animation, Adventure, Comedy, Family, Fantasy",919628,"2010-07-19","Lee Unkrich"
tt0120363,8,2023-04-27,"Toy Story 2","Toy Story 2",https://www.imdb.com/title/tt0120363,Movie,7.9,92,1999,"Animation, Adventure, Comedy, Family, Fantasy",637338,"2000-02-11","John Lasseter,Ash Brannon,Lee Unkrich"
tt0114709,8,2023-04-27,"Toy Story","Toy Story",https://www.imdb.com/title/tt0114709,Movie,8.3,81,1995,"Animation, Adventure, Comedy, Family, Fantasy",1106478,"1996-03-22","John Lasseter"
tt9764362,6,2023-04-24,"The Menu","The Menu",https://www.imdb.com/title/tt9764362,Movie,7.2,107,2022,"Horror, Thriller, Comedy",433097,"2022-11-18","Mark Mylod"
tt0180093,9,2023-04-22,"Requiem for a Dream","Requiem for a Dream",https://www.imdb.com/title/tt0180093,Movie,8.3,102,2000,"Drama",926441,"2001-01-19","Darren Aronofsky"
tt11198330,9,2023-04-21,"House of the Dragon","House of the Dragon",https://www.imdb.com/title/tt11198330,TV Series,8.3,50,2022,"Fantasy, Action, Adventure, Drama, Romance",462143,"2022-08-22",
tt0169547,8,2023-04-21,"American Beauty","American Beauty",https://www.imdb.com/title/tt0169547,Movie,8.3,122,1999,"Drama",1236633,"2000-02-04","Sam Mendes"
tt26687196,7,2023-04-02,"Waco: American Apocalypse","Waco: American Apocalypse",https://www.imdb.com/title/tt26687196,TV Mini Series,7.0,45,2023,"Documentary, Crime",8379,"2023-03-22",
tt6040674,9,2023-04-01,"Waco","Waco",https://www.imdb.com/title/tt6040674,TV Mini Series,7.9,49,2018,"Drama, Crime, Thriller, History",26683,"2018-01-24",
tt1998372,9,2023-03-31,"Under the Banner of Heaven","Under the Banner of Heaven",https://www.imdb.com/title/tt1998372,TV Mini Series,7.5,67,2022,"Drama, Crime, Mystery, Thriller",37829,"2022-07-27",
tt13833688,8,2023-03-20,"The Whale","The Whale",https://www.imdb.com/title/tt13833688,Movie,7.6,117,2022,"Drama",236012,"2023-02-03","Darren Aronofsky"
tt3155298,8,2023-03-20,"Luther: The Fallen Sun","Luther: The Fallen Sun",https://www.imdb.com/title/tt3155298,Movie,6.4,129,2023,"Drama, Crime, Mystery, Thriller, Action",68337,"2023-03-10","Jamie Payne"
tt1877830,8,2023-03-20,"The Batman","The Batman",https://www.imdb.com/title/tt1877830,Movie,7.8,176,2022,"Action, Crime, Drama, Thriller, Mystery",852879,"2022-03-04","Matt Reeves"
tt15679400,6,2023-03-20,"Knock at the Cabin","Knock at the Cabin",https://www.imdb.com/title/tt15679400,Movie,6.1,100,2023,"Thriller, Horror, Mystery",130427,"2023-02-03","M. Night Shyamalan"
tt14209916,3,2023-03-15,"Cocaine Bear","Cocaine Bear",https://www.imdb.com/title/tt14209916,Movie,5.9,95,2023,"Thriller, Comedy, Crime",116263,"2023-02-24","Elizabeth Banks"
tt11891246,4,2023-03-06,"Lullaby","Lullaby",https://www.imdb.com/title/tt11891246,Movie,4.9,89,2022,"Horror",2712,"2022-12-16","John R. Leonetti"
tt8772262,6,2023-03-06,"Midsommar","Midsommar",https://www.imdb.com/title/tt8772262,Movie,7.1,148,2019,"Horror, Drama, Mystery, Thriller",436268,"2019-07-03","Ari Aster"
tt2303687,9,2023-02-28,"Line of Duty","Line of Duty",https://www.imdb.com/title/tt2303687,TV Series,8.7,60,2012,"Thriller, Drama, Crime, Mystery",74330,"2012-06-26",
tt2085059,8,2023-02-24,"Black Mirror","Black Mirror",https://www.imdb.com/title/tt2085059,TV Series,8.7,60,2011,"Drama, Thriller, Sci-Fi, Mystery, Crime",667892,"2011-12-04",
tt6763664,8,2023-02-24,"The Haunting of Hill House","The Haunting of Hill House",https://www.imdb.com/title/tt6763664,TV Mini Series,8.5,60,2018,"Horror, Drama, Thriller, Mystery",304242,"2018-10-12",
tt8772296,8,2023-02-24,"Euphoria","Euphoria",https://www.imdb.com/title/tt8772296,TV Series,8.3,55,2019,"Drama",263093,"2019-08-06",
tt4301160,9,2023-02-24,"Black Bird","Black Bird",https://www.imdb.com/title/tt4301160,TV Mini Series,8.1,58,2022,"Crime, Drama, Thriller, Mystery, Biography",119423,"2022-07-08",
tt3581920,9,2023-02-24,"The Last of Us","The Last of Us",https://www.imdb.com/title/tt3581920,TV Series,8.7,50,2023,"Adventure, Horror, Drama, Thriller, Sci-Fi, Action",596910,"2023-01-16",
tt7335184,7,2023-02-23,"You","You",https://www.imdb.com/title/tt7335184,TV Series,7.7,45,2018,"Drama, Crime, Thriller, Romance",318108,"2018-12-26",
tt3281796,8,2023-02-02,"Power","Power",https://www.imdb.com/title/tt3281796,TV Series,8.1,60,2014,"Drama, Crime",54506,"2016-04-01",
tt12677870,8,2023-01-23,"Law & Order: Organized Crime","Law & Order: Organized Crime",https://www.imdb.com/title/tt12677870,TV Series,7.7,42,2021,"Crime, Drama, Mystery, Thriller, Action",10992,"2021-07-30",
tt1016150,8,2023-01-20,"All Quiet on the Western Front","Im Westen nichts Neues",https://www.imdb.com/title/tt1016150,Movie,7.8,148,2022,"Drama, History, War",265092,"2022-10-28","Edward Berger"
tt3460252,8,2023-01-18,"The Hateful Eight","The Hateful Eight",https://www.imdb.com/title/tt3460252,Movie,7.8,168,2015,"Western, Drama, Thriller, Mystery, Crime",681589,"2016-01-08","Quentin Tarantino"
tt2543164,7,2023-01-11,"Arrival","Arrival",https://www.imdb.com/title/tt2543164,Movie,7.9,116,2016,"Sci-Fi, Drama, Mystery",802370,"2016-11-10","Denis Villeneuve"
tt0139654,8,2023-01-08,"Training Day","Training Day",https://www.imdb.com/title/tt0139654,Movie,7.8,122,2001,"Crime, Drama, Thriller",488765,"2002-02-01","Antoine Fuqua"
tt11564570,8,2022-12-25,"Glass Onion","Glass Onion",https://www.imdb.com/title/tt11564570,Movie,7.1,139,2022,"Crime, Thriller, Drama, Mystery, Comedy",467118,"2022-12-23","Rian Johnson"
tt4649466,7,2022-12-10,"Kingsman: The Golden Circle","Kingsman: The Golden Circle",https://www.imdb.com/title/tt4649466,Movie,6.7,141,2017,"Action, Adventure, Comedy, Crime, Thriller",379158,"2017-09-20","Matthew Vaughn"
tt5516154,9,2022-12-08,"Godless","Godless",https://www.imdb.com/title/tt5516154,TV Mini Series,8.2,65,2017,"Western, Drama, Action",82862,"2017-11-22",
tt21867596,6,2022-12-08,"Sins of Our Mother","Sins of Our Mother",https://www.imdb.com/title/tt21867596,TV Mini Series,7.0,50,2022,"Documentary, Crime, Mystery",8424,"2022-09-14",
tt21836620,6,2022-12-08,"Skandal! Bringing Down Wirecard","Skandal! Bringing Down Wirecard",https://www.imdb.com/title/tt21836620,Movie,7.2,92,2022,"Documentary, Crime",2459,"2022-09-16","James Erskine"
tt12987894,6,2022-12-01,"American Murder: The Family Next Door","American Murder: The Family Next Door",https://www.imdb.com/title/tt12987894,Movie,7.2,83,2020,"Documentary, Crime",34517,"2020-09-30","Jenny Popplewell"
tt1386588,7,2022-11-29,"The Other Guys","The Other Guys",https://www.imdb.com/title/tt1386588,Movie,6.7,107,2010,"Action, Comedy, Crime, Thriller",295822,"2010-09-17","Adam McKay"
tt0838283,7,2022-11-29,"Step Brothers","Step Brothers",https://www.imdb.com/title/tt0838283,Movie,6.9,98,2008,"Comedy",327540,"2008-08-29","Adam McKay"
tt1229340,6,2022-11-29,"Anchorman 2: The Legend Continues","Anchorman 2: The Legend Continues",https://www.imdb.com/title/tt1229340,Movie,6.3,119,2013,"Comedy",195995,"2013-12-18","Adam McKay"
tt0357413,7,2022-11-29,"Anchorman: The Legend of Ron Burgundy","Anchorman: The Legend of Ron Burgundy",https://www.imdb.com/title/tt0357413,Movie,7.1,94,2004,"Comedy",387291,"2004-09-10","Adam McKay"
tt0405422,6,2022-11-29,"The 40 Year-Old Virgin","The 40 Year Old Virgin",https://www.imdb.com/title/tt0405422,Movie,7.1,116,2005,"Comedy, Romance",480257,"2005-09-02","Judd Apatow"
tt0478087,7,2022-11-29,"21","21",https://www.imdb.com/title/tt0478087,Movie,6.8,123,2008,"Drama, Crime, Thriller",271196,"2008-04-11","Robert Luketic"
tt2401256,9,2022-11-29,"The Night Of","The Night Of",https://www.imdb.com/title/tt2401256,TV Mini Series,8.4,66,2016,"Crime, Drama, Mystery",179471,"2016-09-01",
tt3799694,7,2022-11-28,"The Nice Guys","The Nice Guys",https://www.imdb.com/title/tt3799694,Movie,7.4,116,2016,"Thriller, Crime, Comedy, Action",387499,"2016-06-03","Shane Black"
tt0109830,9,2022-11-17,"Forrest Gump","Forrest Gump",https://www.imdb.com/title/tt0109830,Movie,8.8,142,1994,"Romance, Drama",2341716,"1994-10-07","Robert Zemeckis"
tt14036920,7,2022-11-12,"Eat the Rich: The GameStop Saga","Eat the Rich: The GameStop Saga",https://www.imdb.com/title/tt14036920,TV Mini Series,6.3,36,2022,"Documentary",4486,"2022-09-28",
tt0105236,7,2022-10-17,"Reservoir Dogs","Reservoir Dogs",https://www.imdb.com/title/tt0105236,Movie,8.3,99,1992,"Crime, Thriller",1119268,"1993-01-15","Quentin Tarantino"
tt1392190,9,2022-10-16,"Mad Max: Fury Road","Mad Max: Fury Road",https://www.imdb.com/title/tt1392190,Movie,8.1,120,2015,"Action, Adventure, Thriller, Sci-Fi",1148606,"2015-05-14","George Miller"
tt0120815,8,2022-10-16,"Saving Private Ryan","Saving Private Ryan",https://www.imdb.com/title/tt0120815,Movie,8.6,169,1998,"Drama, War",1546703,"1998-09-11","Steven Spielberg"
tt6533240,8,2022-10-10,"Night Hunter","Night Hunter",https://www.imdb.com/title/tt6533240,Movie,5.9,98,2018,"Action, Thriller, Adventure, Crime",28921,"2019-09-13","David Raymond"
tt2575988,8,2022-10-08,"Silicon Valley","Silicon Valley",https://www.imdb.com/title/tt2575988,TV Series,8.5,30,2014,"Comedy",171777,"2014-07-16",
tt12593682,7,2022-10-08,"Bullet Train","Bullet Train",https://www.imdb.com/title/tt12593682,Movie,7.3,127,2022,"Action, Thriller, Comedy",476565,"2022-08-03","David Leitch"
tt2310332,8,2022-10-08,"The Hobbit: The Battle of the Five Armies","The Hobbit: The Battle of the Five Armies",https://www.imdb.com/title/tt2310332,Movie,7.4,144,2014,"Adventure, Fantasy",590040,"2014-12-12","Peter Jackson"
tt1170358,8,2022-10-08,"The Hobbit: The Desolation of Smaug","The Hobbit: The Desolation of Smaug",https://www.imdb.com/title/tt1170358,Movie,7.8,161,2013,"Fantasy, Adventure",724591,"2013-12-13","Peter Jackson"
tt0903624,8,2022-10-08,"The Hobbit: An Unexpected Journey","The Hobbit: An Unexpected Journey",https://www.imdb.com/title/tt0903624,Movie,7.8,169,2012,"Fantasy, Adventure",894752,"2012-12-13","Peter Jackson"
tt0167260,9,2022-10-05,"The Lord of the Rings: The Return of the King","The Lord of the Rings: The Return of the King",https://www.imdb.com/title/tt0167260,Movie,9.0,201,2003,"Drama, Adventure, Fantasy",2048333,"2003-12-17","Peter Jackson"
tt0167261,9,2022-10-05,"The Lord of the Rings: The Two Towers","The Lord of the Rings: The Two Towers",https://www.imdb.com/title/tt0167261,Movie,8.8,179,2002,"Drama, Adventure, Fantasy",1846805,"2002-12-18","Peter Jackson"
tt0120737,9,2022-10-05,"The Lord of the Rings: The Fellowship of the Ring","The Lord of the Rings: The Fellowship of the Ring",https://www.imdb.com/title/tt0120737,Movie,8.9,178,2001,"Drama, Adventure, Fantasy",2077596,"2001-12-19","Peter Jackson"
tt0369339,7,2022-10-04,"Collateral","Collateral",https://www.imdb.com/title/tt0369339,Movie,7.5,120,2004,"Crime, Thriller, Action, Drama",444088,"2004-09-17","Michael Mann"
tt13207736,8,2022-09-27,"Monsters","Monsters",https://www.imdb.com/title/tt13207736,TV Series,7.8,60,2022,"Crime, Drama, Biography, Thriller, Horror",188323,"2022-09-21",
tt0887912,7,2022-09-16,"The Hurt Locker","The Hurt Locker",https://www.imdb.com/title/tt0887912,Movie,7.5,131,2008,"Thriller, Drama, War",481176,"2009-08-28","Kathryn Bigelow"
tt0436058,5,2022-09-16,"American Pie Presents: Band Camp","American Pie Presents: Band Camp",https://www.imdb.com/title/tt0436058,Video,5.0,87,2005,"Comedy",76966,"2005-10-31","Steve Rash"
tt0974959,6,2022-09-16,"American Pie Presents: Beta House","American Pie Presents: Beta House",https://www.imdb.com/title/tt0974959,Video,5.3,85,2007,"Comedy",68947,"2007-12-10","Andrew Waller"
tt0808146,6,2022-09-16,"American Pie Presents: The Naked Mile","American Pie Presents: The Naked Mile",https://www.imdb.com/title/tt0808146,Video,5.1,97,2006,"Comedy",75570,"2006-12-19","Joe Nussbaum"
tt0328828,6,2022-09-16,"American Pie: The Wedding","American Wedding",https://www.imdb.com/title/tt0328828,Movie,6.3,96,2003,"Comedy",221348,"2003-08-15","Jesse Dylan"
tt0252866,6,2022-09-16,"American Pie 2","American Pie 2",https://www.imdb.com/title/tt0252866,Movie,6.4,105,2001,"Comedy",275922,"2001-10-12","J.B. Rogers"
tt0163651,7,2022-09-16,"American Pie","American Pie",https://www.imdb.com/title/tt0163651,Movie,7.0,95,1999,"Comedy",446015,"1999-10-08","Paul Weitz"
tt0091763,8,2022-09-16,"Platoon","Platoon",https://www.imdb.com/title/tt0091763,Movie,8.1,120,1986,"Drama, War",450128,"1987-04-24","Oliver Stone"
tt1220617,8,2022-09-16,"The Inbetweeners","The Inbetweeners",https://www.imdb.com/title/tt1220617,TV Series,8.4,25,2008,"Comedy",96823,"2008-05-01",
tt19704638,7,2022-09-09,"Our Father","Our Father",https://www.imdb.com/title/tt19704638,Movie,6.6,97,2022,"Documentary, Crime",15096,"2022-05-11","Lucie Jourdan"
tt21217912,8,2022-09-09,"Trainwreck: Woodstock '99","Trainwreck: Woodstock '99",https://www.imdb.com/title/tt21217912,TV Mini Series,7.4,45,2022,"Documentary, History, Music",22361,"2022-08-03",
tt9412098,7,2022-09-09,"Fyre: The Greatest Party That Never Happened","Fyre",https://www.imdb.com/title/tt9412098,Movie,7.2,97,2019,"Documentary, Music, Crime",53145,"2019-01-18","Chris Smith"
tt1856101,8,2022-08-28,"Blade Runner 2049","Blade Runner 2049",https://www.imdb.com/title/tt1856101,Movie,8.0,164,2017,"Sci-Fi, Thriller, Action, Drama, Mystery",698867,"2017-10-05","Denis Villeneuve"
tt0078788,9,2022-08-28,"Apocalypse Now","Apocalypse Now",https://www.imdb.com/title/tt0078788,Movie,8.4,147,1979,"Drama, Mystery, War",732610,"1979-12-19","Francis Ford Coppola"
tt0133093,8,2022-08-28,"The Matrix","The Matrix",https://www.imdb.com/title/tt0133093,Movie,8.7,136,1999,"Action, Sci-Fi",2123306,"1999-06-11","Lana Wachowski,Lilly Wachowski"
tt0075314,8,2022-08-27,"Taxi Driver","Taxi Driver",https://www.imdb.com/title/tt0075314,Movie,8.2,114,1976,"Crime, Drama",960830,"1976-08-19","Martin Scorsese"
tt0118971,8,2022-08-27,"The Devil's Advocate","The Devil's Advocate",https://www.imdb.com/title/tt0118971,Movie,7.5,144,1997,"Thriller, Mystery, Fantasy, Drama",416076,"1998-01-16","Taylor Hackford"
tt1745960,7,2022-08-18,"Top Gun: Maverick","Top Gun: Maverick",https://www.imdb.com/title/tt1745960,Movie,8.2,130,2022,"Action, Drama",752316,"2022-05-27","Joseph Kosinski"
tt0268978,9,2022-08-18,"A Beautiful Mind","A Beautiful Mind",https://www.imdb.com/title/tt0268978,Movie,8.2,135,2001,"Biography, Mystery, Drama",1011181,"2002-02-22","Ron Howard"
tt0388795,8,2022-08-14,"Brokeback Mountain","Brokeback Mountain",https://www.imdb.com/title/tt0388795,Movie,7.7,134,2005,"Drama, Romance",396200,"2006-01-13","Ang Lee"
tt0253474,9,2022-08-14,"The Pianist","The Pianist",https://www.imdb.com/title/tt0253474,Movie,8.5,150,2002,"Biography, Music, Drama, War",950594,"2003-01-24","Roman Polanski"
tt4501244,7,2022-08-10,"Why Him?","Why Him?",https://www.imdb.com/title/tt4501244,Movie,6.2,111,2016,"Comedy",129197,"2016-12-26","John Hamburg"
tt0120689,9,2022-08-09,"The Green Mile","The Green Mile",https://www.imdb.com/title/tt0120689,Movie,8.6,189,1999,"Crime, Fantasy, Mystery, Drama",1460955,"2000-03-03","Frank Darabont"
tt11464826,8,2022-08-09,"The Social Dilemma","The Social Dilemma",https://www.imdb.com/title/tt11464826,Movie,7.6,94,2020,"Documentary, Drama",91315,"2020-09-09","Jeff Orlowski-Yang"
tt1979320,8,2022-08-09,"Rush","Rush",https://www.imdb.com/title/tt1979320,Movie,8.1,123,2013,"Biography, Sport, Drama",527830,"2013-09-13","Ron Howard"
tt5052474,7,2022-08-09,"Sicario 2: Soldado","Sicario: Day of the Soldado",https://www.imdb.com/title/tt5052474,Movie,7.1,122,2018,"Action, Crime, Drama, Thriller, Mystery",175302,"2018-06-29","Stefano Sollima"
tt0097165,8,2022-08-07,"Dead Poets Society","Dead Poets Society",https://www.imdb.com/title/tt0097165,Movie,8.1,128,1989,"Comedy, Drama",577823,"1989-09-22","Peter Weir"
tt3397884,7,2022-08-07,"Sicario","Sicario",https://www.imdb.com/title/tt3397884,Movie,7.7,121,2015,"Drama, Crime, Mystery, Thriller, Action",497546,"2015-10-09","Denis Villeneuve"
tt0108052,10,2022-08-07,"Schindler's List","Schindler's List",https://www.imdb.com/title/tt0108052,Movie,9.0,195,1993,"Biography, History, Drama",1499906,"1994-02-18","Steven Spielberg"
tt4244994,8,2022-08-07,"The Last Duel","The Last Duel",https://www.imdb.com/title/tt4244994,Movie,7.3,152,2021,"Drama, History, Thriller",191199,"2021-10-15","Ridley Scott"
tt0870154,6,2022-08-05,"Jungle Cruise","Jungle Cruise",https://www.imdb.com/title/tt0870154,Movie,6.6,127,2021,"Adventure, Fantasy, Action, Comedy",218925,"2021-07-30","Jaume Collet-Serra"
tt10016180,8,2022-08-05,"The Little Things","The Little Things",https://www.imdb.com/title/tt10016180,Movie,6.3,128,2021,"Thriller, Crime, Drama, Mystery",132760,"2021-03-11","John Lee Hancock"
tt7097896,6,2022-08-05,"Venom: Let There Be Carnage","Venom: Let There Be Carnage",https://www.imdb.com/title/tt7097896,Movie,5.9,97,2021,"Action, Thriller, Sci-Fi",280178,"2021-10-15","Andy Serkis"
tt8228288,6,2022-08-05,"The Platform","El hoyo",https://www.imdb.com/title/tt8228288,Movie,7.0,94,2019,"Thriller, Sci-Fi, Horror, Mystery",300274,"2020-03-20","Galder Gaztelu-Urrutia"
tt2250912,7,2022-08-05,"Spider-Man: Homecoming","Spider-Man: Homecoming",https://www.imdb.com/title/tt2250912,Movie,7.4,133,2017,"Action, Sci-Fi, Adventure",744839,"2017-07-05","Jon Watts"
tt5308322,6,2022-08-05,"Happy Death Day","Happy Death Day",https://www.imdb.com/title/tt5308322,Movie,6.6,96,2017,"Thriller, Horror, Mystery, Comedy",172494,"2017-10-20","Christopher Landon"
tt6320628,7,2022-08-05,"Spider-Man: Far from Home","Spider-Man: Far from Home",https://www.imdb.com/title/tt6320628,Movie,7.4,129,2019,"Action, Adventure, Sci-Fi, Comedy, Fantasy",583998,"2019-07-02","Jon Watts"
tt6908274,7,2022-08-05,"Mirage","Durante la tormenta",https://www.imdb.com/title/tt6908274,Movie,7.4,128,2018,"Drama, Thriller, Romance, Mystery, Fantasy",67034,"2019-03-22","Oriol Paulo"
tt0108778,7,2022-08-05,"Friends","Friends",https://www.imdb.com/title/tt0108778,TV Series,8.9,22,1994,"Romance, Comedy",1127001,"1995-04-28",
tt10970552,7,2022-08-05,"The Haunting of Bly Manor","The Haunting of Bly Manor",https://www.imdb.com/title/tt10970552,TV Mini Series,7.4,55,2020,"Drama, Horror, Mystery, Thriller",134867,"2020-10-09",
tt2661044,7,2022-08-05,"The 100","The 100",https://www.imdb.com/title/tt2661044,TV Series,7.5,43,2014,"Sci-Fi, Drama, Action",286852,"2014-07-07",
tt10872600,7,2022-08-05,"Spider-Man: No Way Home","Spider-Man: No Way Home",https://www.imdb.com/title/tt10872600,Movie,8.2,148,2021,"Action, Adventure, Sci-Fi, Fantasy",928619,"2021-12-15","Jon Watts"
tt0455275,8,2022-08-05,"Prison Break","Prison Break",https://www.imdb.com/title/tt0455275,TV Series,8.3,44,2005,"Mystery, Thriller, Crime, Drama, Action",612560,"2006-01-23",
tt4916630,8,2022-08-05,"Just Mercy","Just Mercy",https://www.imdb.com/title/tt4916630,Movie,7.6,137,2019,"Drama, Biography, Crime",78713,"2020-01-17","Destin Daniel Cretton"
tt7888964,8,2022-08-05,"Nobody","Nobody",https://www.imdb.com/title/tt7888964,Movie,7.4,92,2021,"Action, Crime, Thriller, Drama",341649,"2021-06-09","Ilya Naishuller"
tt3502248,8,2022-08-05,"Bosch","Bosch",https://www.imdb.com/title/tt3502248,TV Series,8.5,50,2014,"Drama, Crime",87074,"2014-02-07",
tt0452608,6,2022-08-05,"Death Race","Death Race",https://www.imdb.com/title/tt0452608,Movie,6.4,105,2008,"Action, Thriller, Sci-Fi",222511,"2008-09-26","Paul W.S. Anderson"
tt1210166,8,2022-08-05,"Moneyball","Moneyball",https://www.imdb.com/title/tt1210166,Movie,7.6,133,2011,"Drama, Sport, Biography",479694,"2011-11-25","Bennett Miller"
tt5113044,7,2022-08-05,"Minions: The Rise of Gru","Minions: The Rise of Gru",https://www.imdb.com/title/tt5113044,Movie,6.5,87,2022,"Animation, Adventure, Comedy, Family, Sci-Fi, Crime",95795,"2022-07-01","Kyle Balda,Brad Ableson,Jonathan del Val"
tt2057392,8,2022-08-04,"Eye in the Sky","Eye in the Sky",https://www.imdb.com/title/tt2057392,Movie,7.3,102,2015,"Thriller, Drama, War, Action",93436,"2016-04-15","Gavin Hood"
tt1853728,9,2022-08-01,"Django Unchained","Django Unchained",https://www.imdb.com/title/tt1853728,Movie,8.5,165,2012,"Western, Drama, Comedy",1758331,"2013-01-18","Quentin Tarantino"
tt1872181,7,2022-07-28,"The Amazing Spider-Man 2","The Amazing Spider-Man 2",https://www.imdb.com/title/tt1872181,Movie,6.6,142,2014,"Action, Adventure, Sci-Fi",555686,"2014-04-16","Marc Webb"
tt2975590,7,2022-07-27,"Batman v Superman: Dawn of Justice","Batman v Superman: Dawn of Justice",https://www.imdb.com/title/tt2975590,Movie,6.5,151,2016,"Action, Adventure, Sci-Fi",765971,"2016-03-25","Zack Snyder"
tt0290334,6,2022-07-27,"X-Men 2","X2",https://www.imdb.com/title/tt0290334,Movie,7.4,134,2003,"Sci-Fi, Thriller, Action",592240,"2003-05-01","Bryan Singer"
tt1270798,7,2022-07-27,"X-Men: First Class","X: First Class",https://www.imdb.com/title/tt1270798,Movie,7.7,131,2011,"Action, Sci-Fi",740612,"2011-06-01","Matthew Vaughn"
tt11138512,7,2022-07-24,"The Northman","The Northman",https://www.imdb.com/title/tt11138512,Movie,7.0,137,2022,"Drama, Adventure, Thriller, Action, History, Fantasy",270729,"2022-04-15","Robert Eggers"
tt1830379,8,2022-07-16,"Top Boy","Top Boy",https://www.imdb.com/title/tt1830379,TV Series,8.4,60,2011,"Thriller, Crime, Drama",42976,"2011-10-31",
tt2084970,9,2022-07-10,"The Imitation Game","The Imitation Game",https://www.imdb.com/title/tt2084970,Movie,8.0,114,2014,"Drama, Biography, Thriller, War",844534,"2014-11-14","Morten Tyldum"
tt1457767,7,2022-07-10,"The Conjuring","The Conjuring",https://www.imdb.com/title/tt1457767,Movie,7.5,112,2013,"Horror, Mystery, Thriller",576299,"2013-08-02","James Wan"
tt8134470,7,2022-07-10,"The Undoing","The Undoing",https://www.imdb.com/title/tt8134470,TV Mini Series,7.4,56,2020,"Drama, Thriller, Crime, Mystery",110672,"2020-10-26",
tt6334354,7,2022-07-10,"The Suicide Squad","The Suicide Squad",https://www.imdb.com/title/tt6334354,Movie,7.2,132,2021,"Action, Adventure, Sci-Fi, Comedy",426286,"2021-07-30","James Gunn"
tt3183660,7,2022-07-10,"Fantastic Beasts and Where to Find Them","Fantastic Beasts and Where to Find Them",https://www.imdb.com/title/tt3183660,Movie,7.2,132,2016,"Adventure, Family, Fantasy",520059,"2016-11-18","David Yates"
tt0470752,8,2022-07-10,"Ex Machina","Ex Machina",https://www.imdb.com/title/tt0470752,Movie,7.7,108,2014,"Drama, Sci-Fi, Thriller",610113,"2015-01-21","Alex Garland"
tt5071412,9,2022-06-19,"Ozark","Ozark",https://www.imdb.com/title/tt5071412,TV Series,8.5,60,2017,"Drama, Crime, Thriller",363046,"2017-07-21",
tt8009428,8,2022-06-11,"Hustle","Hustle",https://www.imdb.com/title/tt8009428,Movie,7.3,117,2022,"Sport, Comedy, Drama",151363,"2022-06-08","Jeremiah Zagar"
tt1520211,8,2022-05-14,"The Walking Dead","The Walking Dead",https://www.imdb.com/title/tt1520211,TV Series,8.1,45,2010,"Horror, Drama, Thriller",1122365,"2010-11-05",
tt1266020,8,2022-05-12,"Parks and Recreation","Parks and Recreation",https://www.imdb.com/title/tt1266020,TV Series,8.6,22,2009,"Comedy",298546,"2013-03-06",
tt0217505,8,2022-05-09,"Gangs of New York","Gangs of New York",https://www.imdb.com/title/tt0217505,Movie,7.5,167,2002,"Crime, Drama",483690,"2003-01-09","Martin Scorsese"
tt0469494,9,2022-04-26,"There Will Be Blood","There Will Be Blood",https://www.imdb.com/title/tt0469494,Movie,8.2,158,2007,"Drama",660822,"2008-02-15","Paul Thomas Anderson"
tt5834426,5,2022-04-26,"Moonfall","Moonfall",https://www.imdb.com/title/tt5834426,Movie,5.1,130,2022,"Sci-Fi, Adventure, Action",104827,"2022-02-04","Roland Emmerich"
tt18970454,8,2022-04-14,"Jimmy Savile: A British Horror Story","Jimmy Savile: A British Horror Story",https://www.imdb.com/title/tt18970454,TV Mini Series,6.7,85,2022,"Documentary, Crime, Biography",9515,"2022-04-06",
tt1855199,8,2022-04-09,"End of Watch","End of Watch",https://www.imdb.com/title/tt1855199,Movie,7.6,109,2012,"Drama, Crime, Thriller, Action",276520,"2012-11-23","David Ayer"
tt1631867,7,2022-02-12,"Edge of Tomorrow","Edge of Tomorrow",https://www.imdb.com/title/tt1631867,Movie,7.9,113,2014,"Action, Sci-Fi, Adventure",762053,"2014-05-30","Doug Liman"
tt15479704,7,2022-01-28,"The Puppet Master: Hunting the Ultimate Conman","The Puppet Master: Hunting the Ultimate Conman",https://www.imdb.com/title/tt15479704,TV Mini Series,6.9,42,2022,"Documentary, Crime",8404,"2022-01-19",
tt5028002,8,2022-01-25,"StartUp","StartUp",https://www.imdb.com/title/tt5028002,TV Series,7.8,44,2016,"Crime, Thriller",30705,"2016-11-08",
tt0412142,8,2022-01-25,"House M.D.","House M.D.",https://www.imdb.com/title/tt0412142,TV Series,8.7,45,2004,"Drama, Mystery",544054,"2005-06-09",
tt0386676,10,2022-01-18,"The Office","The Office",https://www.imdb.com/title/tt0386676,TV Series,9.0,22,2005,"Comedy",756580,"2005-06-14",
tt2561572,6,2021-12-16,"Get Hard","Get Hard",https://www.imdb.com/title/tt2561572,Movie,6.0,100,2015,"Comedy, Crime, Drama",149781,"2015-03-27","Etan Cohen"
tt0208092,8,2021-12-16,"Snatch","Snatch",https://www.imdb.com/title/tt0208092,Movie,8.2,104,2000,"Comedy, Crime",934477,"2000-09-01","Guy Ritchie"
tt2382320,8,2021-11-22,"No Time to Die","No Time to Die",https://www.imdb.com/title/tt2382320,Movie,7.3,163,2021,"Action, Thriller, Adventure",459933,"2021-09-30","Cary Joji Fukunaga"
tt7671070,8,2021-10-28,"Industry","Industry",https://www.imdb.com/title/tt7671070,TV Series,7.4,50,2020,"Drama",19457,"2020-11-10",
tt1160419,8,2021-10-18,"Dune: Part One","Dune: Part One",https://www.imdb.com/title/tt1160419,Movie,8.0,155,2021,"Sci-Fi, Adventure, Drama, Action",931316,"2021-10-21","Denis Villeneuve"
tt0429493,7,2021-10-16,"The A-Team","The A-Team",https://www.imdb.com/title/tt0429493,Movie,6.7,117,2010,"Action, Adventure, Thriller, Crime",271889,"2010-07-30","Joe Carnahan"
tt0182576,9,2021-09-29,"Family Guy","Family Guy",https://www.imdb.com/title/tt0182576,TV Series,8.1,22,1999,"Animation, Comedy",372867,"1999-09-21",
tt0203259,9,2021-09-29,"Law & Order: Special Victims Unit","Law & Order: Special Victims Unit",https://www.imdb.com/title/tt0203259,TV Series,8.1,60,1999,"Mystery, Thriller, Crime, Drama",132994,"1999-09-20",
tt6264654,7,2021-09-27,"Free Guy","Free Guy",https://www.imdb.com/title/tt6264654,Movie,7.1,115,2021,"Action, Comedy, Sci-Fi, Adventure, Fantasy, Romance",452154,"2021-08-13","Shawn Levy"
tt1201607,8,2021-09-27,"Harry Potter and the Deathly Hallows: Part 2","Harry Potter and the Deathly Hallows - Part 2",https://www.imdb.com/title/tt1201607,Movie,8.1,130,2011,"Adventure, Mystery, Fantasy, Family",982160,"2011-07-15","David Yates"
tt1049413,8,2021-09-27,"Up","Up",https://www.imdb.com/title/tt1049413,Movie,8.3,96,2009,"Animation, Family, Adventure, Comedy, Drama",1163771,"2009-10-09","Pete Docter,Bob Peterson"
tt7069210,7,2021-09-27,"The Conjuring: The Devil Made Me Do It","The Conjuring: The Devil Made Me Do It",https://www.imdb.com/title/tt7069210,Movie,6.3,112,2021,"Horror, Mystery, Thriller",147585,"2021-05-26","Michael Chaves"
tt2096673,8,2021-09-10,"Inside Out","Inside Out",https://www.imdb.com/title/tt2096673,Movie,8.1,95,2015,"Animation, Comedy, Family, Adventure, Drama, Fantasy",850632,"2015-07-24","Pete Docter,Ronnie Del Carmen"
tt0327084,7,2021-09-08,"Over the Hedge","Over the Hedge",https://www.imdb.com/title/tt0327084,Movie,6.7,83,2006,"Animation, Family, Adventure, Comedy",194386,"2006-07-30","Tim Johnson,Karey Kirkpatrick"
tt0910970,8,2021-09-07,"WALL·E","WALL·E",https://www.imdb.com/title/tt0910970,Movie,8.4,98,2008,"Animation, Sci-Fi, Adventure, Family",1242230,"2008-07-18","Andrew Stanton"
tt1343092,9,2021-09-03,"The Great Gatsby","The Great Gatsby",https://www.imdb.com/title/tt1343092,Movie,7.2,143,2013,"Drama, Romance",613944,"2013-05-16","Baz Luhrmann"
tt7493974,8,2021-09-03,"Bodyguard","Bodyguard",https://www.imdb.com/title/tt7493974,TV Series,8.0,60,2018,"Thriller, Crime, Drama",156906,"2018-08-26",
tt5574490,8,2021-09-03,"Animal Kingdom","Animal Kingdom",https://www.imdb.com/title/tt5574490,TV Series,8.2,60,2016,"Drama, Crime",45419,"2016-10-02",
tt4154796,7,2021-09-03,"Avengers: Endgame","Avengers: Endgame",https://www.imdb.com/title/tt4154796,Movie,8.4,181,2019,"Action, Sci-Fi, Adventure, Drama",1326909,"2019-04-25","Anthony Russo,Joe Russo"
tt4154756,8,2021-09-03,"Avengers: Infinity War","Avengers: Infinity War",https://www.imdb.com/title/tt4154756,Movie,8.4,149,2018,"Action, Sci-Fi, Adventure",1261062,"2018-04-26","Anthony Russo,Joe Russo"
tt0363771,6,2021-09-03,"The Chronicles of Narnia: The Lion, the Witch and the Wardrobe","The Chronicles of Narnia: The Lion, the Witch and the Wardrobe",https://www.imdb.com/title/tt0363771,Movie,6.9,143,2005,"Adventure, Family, Fantasy",439148,"2005-12-08","Andrew Adamson"
tt0417741,8,2021-09-03,"Harry Potter and the Half-Blood Prince","Harry Potter and the Half-Blood Prince",https://www.imdb.com/title/tt0417741,Movie,7.6,153,2009,"Action, Fantasy, Mystery, Family, Adventure",618561,"2009-07-15","David Yates"
tt0330373,8,2021-09-03,"Harry Potter and the Goblet of Fire","Harry Potter and the Goblet of Fire",https://www.imdb.com/title/tt0330373,Movie,7.7,157,2005,"Mystery, Family, Adventure, Fantasy",706792,"2005-11-18","Mike Newell"
tt0373889,8,2021-09-03,"Harry Potter and the Order of the Phoenix","Harry Potter and the Order of the Phoenix",https://www.imdb.com/title/tt0373889,Movie,7.5,138,2007,"Action, Family, Fantasy, Mystery, Adventure",656791,"2007-07-12","David Yates"
tt0304141,8,2021-09-03,"Harry Potter and the Prisoner of Azkaban","Harry Potter and the Prisoner of Azkaban",https://www.imdb.com/title/tt0304141,Movie,7.9,142,2004,"Mystery, Family, Adventure, Fantasy",718358,"2004-05-31","Alfonso Cuarón"
tt0241527,7,2021-09-03,"Harry Potter and the Philosopher's Stone","Harry Potter and the Sorcerer's Stone",https://www.imdb.com/title/tt0241527,Movie,7.7,152,2001,"Family, Adventure, Fantasy",891238,"2001-11-16","Chris Columbus"
tt0926084,8,2021-09-03,"Harry Potter and the Deathly Hallows: Part 1","Harry Potter and the Deathly Hallows - Part 1",https://www.imdb.com/title/tt0926084,Movie,7.7,146,2010,"Adventure, Mystery, Fantasy, Family",621802,"2010-11-19","David Yates"
tt0948470,8,2021-09-03,"The Amazing Spider-Man","The Amazing Spider-Man",https://www.imdb.com/title/tt0948470,Movie,6.9,136,2012,"Action, Sci-Fi, Adventure",723552,"2012-07-03","Marc Webb"
tt0145487,7,2021-09-03,"Spider-Man","Spider-Man",https://www.imdb.com/title/tt0145487,Movie,7.4,121,2002,"Adventure, Sci-Fi, Action",909166,"2002-06-14","Sam Raimi"
tt4123430,7,2021-08-30,"Fantastic Beasts: The Crimes of Grindelwald","Fantastic Beasts: The Crimes of Grindelwald",https://www.imdb.com/title/tt4123430,Movie,6.5,134,2018,"Fantasy, Adventure, Family",317905,"2018-11-16","David Yates"
tt8404256,6,2021-08-24,"Snake Eyes","Snake Eyes: G.I. Joe Origins",https://www.imdb.com/title/tt8404256,Movie,5.4,121,2021,"Action, Adventure, Sci-Fi, Thriller, Fantasy, Crime",46035,"2021-08-18","Robert Schwentke"
tt1790886,7,2021-08-19,"The Campaign","The Campaign",https://www.imdb.com/title/tt1790886,Movie,6.1,85,2012,"Comedy",138601,"2012-09-28","Jay Roach"
tt1499658,7,2021-08-19,"Horrible Bosses","Horrible Bosses",https://www.imdb.com/title/tt1499658,Movie,6.9,98,2011,"Comedy, Crime",476528,"2011-07-22","Seth Gordon"
tt1645170,7,2021-08-19,"The Dictator","The Dictator",https://www.imdb.com/title/tt1645170,Movie,6.5,83,2012,"Comedy",346407,"2012-05-16","Larry Charles"
tt1596363,8,2021-08-17,"The Big Short","The Big Short",https://www.imdb.com/title/tt1596363,Movie,7.8,130,2015,"Drama, Biography, Comedy, History",502188,"2016-01-22","Adam McKay"
tt0209144,8,2021-08-15,"Memento","Memento",https://www.imdb.com/title/tt0209144,Movie,8.4,113,2000,"Thriller, Mystery",1360379,"2000-10-20","Christopher Nolan"
tt6048922,7,2021-08-15,"Greyhound","Greyhound",https://www.imdb.com/title/tt6048922,Movie,7.0,91,2020,"Drama, War, History",121112,"2020-07-10","Aaron Schneider"
tt2788710,8,2021-08-12,"The Interview","The Interview",https://www.imdb.com/title/tt2788710,Movie,6.5,112,2014,"Comedy, Action, Adventure",363829,"2015-02-06","Evan Goldberg,Seth Rogen"
tt3315342,8,2021-08-12,"Logan","Logan",https://www.imdb.com/title/tt3315342,Movie,8.1,137,2017,"Action, Sci-Fi, Drama, Thriller",876044,"2017-03-01","James Mangold"
tt0141842,9,2021-08-02,"The Sopranos","The Sopranos",https://www.imdb.com/title/tt0141842,TV Series,9.2,60,1999,"Crime, Drama",508191,"1999-07-15",
tt5774002,7,2021-08-01,"Jupiter's Legacy","Jupiter's Legacy",https://www.imdb.com/title/tt5774002,TV Series,6.7,56,2021,"Adventure, Action, Drama, Fantasy, Sci-Fi",41650,"2021-05-07",
tt10293938,7,2021-07-18,"Outer Banks","Outer Banks",https://www.imdb.com/title/tt10293938,TV Series,7.5,50,2020,"Drama, Action, Crime, Mystery, Romance, Thriller",91781,"2020-04-15",
tt2442560,9,2021-07-09,"Peaky Blinders","Peaky Blinders",https://www.imdb.com/title/tt2442560,TV Series,8.7,60,2013,"Drama, Crime",692857,"2013-09-12",
tt5968274,7,2021-07-09,"The Angel","The Angel",https://www.imdb.com/title/tt5968274,Movie,6.7,114,2018,"Drama, Thriller, Biography, Action",15916,"2018-09-26","Ariel Vromen"
tt0814314,8,2021-07-09,"Seven Pounds","Seven Pounds",https://www.imdb.com/title/tt0814314,Movie,7.6,123,2008,"Drama, Mystery, Thriller",319314,"2009-01-16","Gabriele Muccino"
tt1475582,8,2021-07-08,"Sherlock","Sherlock",https://www.imdb.com/title/tt1475582,TV Series,9.1,90,2010,"Crime, Mystery, Drama, Thriller",1033122,"2010-07-25",
tt5675620,9,2021-07-05,"The Punisher","The Punisher",https://www.imdb.com/title/tt5675620,TV Series,8.4,60,2017,"Action, Crime, Thriller, Drama",276441,"2017-11-17",
tt1477834,6,2021-07-01,"Aquaman","Aquaman",https://www.imdb.com/title/tt1477834,Movie,6.8,143,2018,"Action, Adventure, Sci-Fi, Fantasy",533264,"2018-12-12","James Wan"
tt8111088,9,2021-06-26,"The Mandalorian","The Mandalorian",https://www.imdb.com/title/tt8111088,TV Series,8.6,40,2019,"Sci-Fi, Action, Adventure, Fantasy",612241,"2020-03-24",
tt10048342,7,2021-06-21,"The Queen's Gambit","The Queen's Gambit",https://www.imdb.com/title/tt10048342,TV Mini Series,8.5,60,2020,"Drama",597452,"2020-10-23",
tt6654210,6,2021-06-13,"Infinite","Infinite",https://www.imdb.com/title/tt6654210,Movie,5.5,106,2021,"Sci-Fi, Thriller, Action",64502,"2021-10-01","Antoine Fuqua"
tt0119217,9,2021-06-13,"Good Will Hunting","Good Will Hunting",https://www.imdb.com/title/tt0119217,Movie,8.3,126,1997,"Romance, Drama",1115898,"1998-03-06","Gus Van Sant"
tt6723592,8,2021-06-01,"Tenet","Tenet",https://www.imdb.com/title/tt6723592,Movie,7.3,150,2020,"Action, Sci-Fi, Thriller",619062,"2020-08-26","Christopher Nolan"
tt0790636,9,2021-05-31,"Dallas Buyers Club","Dallas Buyers Club",https://www.imdb.com/title/tt0790636,Movie,7.9,117,2013,"Drama, Biography",529891,"2014-02-07","Jean-Marc Vallée"
tt0773262,9,2021-05-25,"Dexter","Dexter",https://www.imdb.com/title/tt0773262,TV Series,8.6,60,2006,"Crime, Drama, Mystery, Thriller",817478,"2007-07-10",
tt0993840,6,2021-05-23,"Army of the Dead","Army of the Dead",https://www.imdb.com/title/tt0993840,Movie,5.8,148,2021,"Action, Horror, Sci-Fi, Thriller, Crime, Drama, War",193503,"2021-05-21","Zack Snyder"
tt0102926,9,2021-05-22,"The Silence of the Lambs","The Silence of the Lambs",https://www.imdb.com/title/tt0102926,Movie,8.6,118,1991,"Crime, Drama, Thriller",1606829,"1991-05-31","Jonathan Demme"
tt1250777,8,2021-05-08,"Kick-Ass","Kick-Ass",https://www.imdb.com/title/tt1250777,Movie,7.6,117,2010,"Comedy, Action, Crime",605080,"2010-03-26","Matthew Vaughn"
tt1650554,7,2021-05-08,"Kick-Ass 2","Kick-Ass 2",https://www.imdb.com/title/tt1650554,Movie,6.5,103,2013,"Action, Comedy, Crime, Thriller, Drama",293394,"2013-08-14","Jeff Wadlow"
tt3659388,8,2021-05-03,"The Martian","The Martian",https://www.imdb.com/title/tt3659388,Movie,8.0,144,2015,"Sci-Fi, Adventure, Drama",955495,"2015-09-30","Ridley Scott"
tt2294189,8,2021-04-18,"The Fall","The Fall",https://www.imdb.com/title/tt2294189,TV Series,8.1,60,2013,"Drama, Thriller, Crime",124288,"2013-05-13",
tt8010592,8,2021-04-02,"Inside Look: The Assassination of Gianni Versace - American Crime Story","Inside Look: The Assassination of Gianni Versace - American Crime Story",https://www.imdb.com/title/tt8010592,TV Series,7.7,3,2017,"Documentary, Short",10640,"2017-12-26",
tt0110912,10,2021-03-27,"Pulp Fiction","Pulp Fiction",https://www.imdb.com/title/tt0110912,Movie,8.9,154,1994,"Crime, Drama",2295825,"1994-10-21","Quentin Tarantino"
tt1856010,9,2021-03-27,"House of Cards","House of Cards",https://www.imdb.com/title/tt1856010,TV Series,8.6,50,2013,"Drama",541894,"2013-04-23",
tt2356777,9,2021-03-27,"True Detective","True Detective",https://www.imdb.com/title/tt2356777,TV Series,8.9,60,2014,"Crime, Drama, Mystery, Thriller",686447,"2014-02-22",
tt4158110,8,2021-03-27,"Mr. Robot","Mr. Robot",https://www.imdb.com/title/tt4158110,TV Series,8.5,45,2015,"Crime, Drama, Thriller",434125,"2015-10-16",
tt9073958,7,2021-03-27,"White Lines","White Lines",https://www.imdb.com/title/tt9073958,TV Series,6.6,60,2020,"Drama, Mystery, Crime, Thriller",18959,"2020-05-15",
tt13651632,7,2021-03-27,"Night Stalker: The Hunt for a Serial Killer","Night Stalker: The Hunt for a Serial Killer",https://www.imdb.com/title/tt13651632,TV Mini Series,7.5,50,2021,"Documentary, Crime, Mystery",31758,"2021-01-13",
tt6333060,8,2021-03-27,"Icarus","Icarus",https://www.imdb.com/title/tt6333060,Movie,7.9,120,2017,"Documentary, Sport",56132,"2017-08-04","Bryan Fogel"
tt3673794,8,2021-03-27,"Kingdom","Kingdom",https://www.imdb.com/title/tt3673794,TV Series,8.5,43,2014,"Drama, Sport",20196,"2016-04-01",
tt0114814,9,2021-03-22,"The Usual Suspects","The Usual Suspects",https://www.imdb.com/title/tt0114814,Movie,8.5,106,1995,"Drama, Crime, Mystery, Thriller",1175432,"1995-08-25","Bryan Singer"
tt1922777,7,2021-03-22,"Sinister","Sinister",https://www.imdb.com/title/tt1922777,Movie,6.8,110,2012,"Horror, Mystery, Thriller",294231,"2012-10-05","Scott Derrickson"
tt0099685,9,2021-02-22,"GoodFellas","Goodfellas",https://www.imdb.com/title/tt0099685,Movie,8.7,145,1990,"Biography, Crime, Drama",1303615,"1990-10-26","Martin Scorsese"
tt4270492,8,2021-02-21,"Billions","Billions",https://www.imdb.com/title/tt4270492,TV Series,8.3,60,2016,"Drama",112756,"2016-05-12",
tt1895587,8,2021-02-12,"Spotlight","Spotlight",https://www.imdb.com/title/tt1895587,Movie,8.1,129,2015,"Drama, Crime, Biography",513384,"2016-01-29","Tom McCarthy"
tt12688688,9,2021-02-05,"Tiger","Tiger",https://www.imdb.com/title/tt12688688,TV Mini Series,7.8,96,2021,"Documentary, Sport, Biography",5120,"2021-01-10",
tt1632701,8,2021-01-13,"Suits","Suits",https://www.imdb.com/title/tt1632701,TV Series,8.4,45,2011,"Drama, Comedy",504595,"2012-01-17",
tt2243973,9,2021-01-13,"Hannibal","Hannibal",https://www.imdb.com/title/tt2243973,TV Series,8.5,45,2013,"Crime, Thriller, Horror, Drama, Mystery",286972,"2013-05-07",
tt2861424,9,2021-01-13,"Rick and Morty","Rick and Morty",https://www.imdb.com/title/tt2861424,TV Series,9.1,23,2013,"Animation, Adventure, Comedy, Sci-Fi",634700,"2015-09-04",
tt8579674,8,2021-01-10,"1917","1917",https://www.imdb.com/title/tt8579674,Movie,8.2,119,2019,"War, Drama, Action",712006,"2020-01-10","Sam Mendes"
tt1670345,7,2021-01-10,"Now You See Me","Now You See Me",https://www.imdb.com/title/tt1670345,Movie,7.2,115,2013,"Thriller, Crime, Mystery",727938,"2013-07-03","Louis Leterrier"
tt1431045,8,2021-01-10,"Deadpool","Deadpool",https://www.imdb.com/title/tt1431045,Movie,8.0,108,2016,"Action, Comedy",1187272,"2016-02-10","Tim Miller"
tt1190634,9,2021-01-10,"The Boys","The Boys",https://www.imdb.com/title/tt1190634,TV Series,8.7,60,2019,"Action, Sci-Fi, Crime, Drama, Comedy",749701,"2019-07-26",
tt0944947,9,2021-01-06,"Game of Thrones","Game of Thrones",https://www.imdb.com/title/tt0944947,TV Series,9.2,60,2011,"Fantasy, Drama, Adventure, Action",2389496,"2011-04-18",
tt6000478,7,2020-12-12,"Roman J. Israel, Esq.","Roman J. Israel, Esq.",https://www.imdb.com/title/tt6000478,Movie,6.5,122,2017,"Crime, Drama, Thriller",44992,"2018-02-02","Dan Gilroy"
tt0475784,9,2020-12-08,"Westworld","Westworld",https://www.imdb.com/title/tt0475784,TV Series,8.5,60,2016,"Sci-Fi, Drama, Mystery",543947,"2016-10-04",
tt12312250,7,2020-11-28,"Jeffrey Epstein: Filthy Rich","Jeffrey Epstein: Filthy Rich",https://www.imdb.com/title/tt12312250,TV Mini Series,7.1,60,2020,"Documentary, Crime",30199,"2020-05-27",
tt5296406,8,2020-11-28,"Designated Survivor","Designated Survivor",https://www.imdb.com/title/tt5296406,TV Series,7.4,60,2016,"Drama, Thriller, Action, Mystery",109198,"2016-09-22",
tt0068646,8,2020-11-06,"The Godfather","The Godfather",https://www.imdb.com/title/tt0068646,Movie,9.2,175,1972,"Crime, Drama",2088888,"1972-08-24","Francis Ford Coppola"
tt0765429,8,2020-11-06,"American Gangster","American Gangster",https://www.imdb.com/title/tt0765429,Movie,7.8,157,2007,"Drama, Crime, Biography",467395,"2007-11-16","Ridley Scott"
tt5753856,9,2020-10-20,"Dark","Dark",https://www.imdb.com/title/tt5753856,TV Series,8.7,60,2017,"Mystery, Crime, Drama, Thriller, Sci-Fi",475798,"2017-12-01",
tt1124373,9,2020-10-13,"Sons of Anarchy","Sons of Anarchy",https://www.imdb.com/title/tt1124373,TV Series,8.5,45,2008,"Drama, Crime, Thriller",335214,"2009",
tt1375666,9,2020-10-02,"Inception","Inception",https://www.imdb.com/title/tt1375666,Movie,8.8,148,2010,"Sci-Fi, Thriller, Action, Adventure",2639773,"2010-07-16","Christopher Nolan"
tt0144084,7,2020-09-10,"American Psycho","American Psycho",https://www.imdb.com/title/tt0144084,Movie,7.6,102,2000,"Crime, Horror, Drama",760511,"2000-04-21","Mary Harron"
tt3032476,9,2020-09-08,"Better Call Saul","Better Call Saul",https://www.imdb.com/title/tt3032476,TV Series,9.0,45,2015,"Crime, Drama",704207,"2015-02-09",
tt8946378,7,2020-08-30,"Knives Out","Knives Out",https://www.imdb.com/title/tt8946378,Movie,7.9,130,2019,"Crime, Mystery, Thriller, Drama, Comedy",804733,"2019-11-27","Rian Johnson"
tt2024544,9,2020-08-16,"12 Years a Slave","12 Years a Slave",https://www.imdb.com/title/tt2024544,Movie,8.1,134,2013,"Drama, History, Biography",757102,"2014-01-10","Steve McQueen"
tt2637276,7,2020-08-16,"Ted 2","Ted 2",https://www.imdb.com/title/tt2637276,Movie,6.3,115,2015,"Comedy",242793,"2015-07-08","Seth MacFarlane"
tt1950186,9,2020-08-15,"Le Mans '66","Ford v Ferrari",https://www.imdb.com/title/tt1950186,Movie,8.1,152,2019,"Action, Drama, Biography, Sport",508849,"2019-11-15","James Mangold"
tt0258000,7,2020-08-13,"Panic Room","Panic Room",https://www.imdb.com/title/tt0258000,Movie,6.8,112,2002,"Crime, Drama, Thriller",304045,"2002-05-03","David Fincher"
tt3890160,8,2020-07-31,"Baby Driver","Baby Driver",https://www.imdb.com/title/tt3890160,Movie,7.5,113,2017,"Action, Music, Crime, Drama",638493,"2017-06-28","Edgar Wright"
tt1741273,8,2020-07-31,"Secret in Their Eyes","Secret in Their Eyes",https://www.imdb.com/title/tt1741273,Movie,6.3,111,2015,"Mystery, Thriller, Crime, Drama",53099,"2016-02-26","Billy Ray"
tt1474684,9,2020-07-20,"Luther","Luther",https://www.imdb.com/title/tt1474684,TV Series,8.4,60,2010,"Crime, Drama, Mystery, Thriller",157712,"2010-05-04",
tt0120586,8,2020-07-11,"American History X","American History X",https://www.imdb.com/title/tt0120586,Movie,8.5,119,1998,"Drama, Crime",1217634,"1999-03-26","Tony Kaye"
tt8367814,9,2020-07-11,"The Gentlemen","The Gentlemen",https://www.imdb.com/title/tt8367814,Movie,7.8,113,2019,"Action, Crime",424715,"2020-01-01","Guy Ritchie"
tt1907668,8,2020-05-10,"Flight","Flight",https://www.imdb.com/title/tt1907668,Movie,7.3,138,2012,"Drama, Thriller",383799,"2013-02-01","Robert Zemeckis"
tt5290382,7,2020-05-10,"Mindhunter","Mindhunter",https://www.imdb.com/title/tt5290382,TV Series,8.6,60,2017,"Thriller, Crime, Drama, Mystery",358255,"2017-10-13",
tt5618256,8,2020-05-10,"Manhunt: Unabomber","Manhunt",https://www.imdb.com/title/tt5618256,TV Series,8.1,,2017,"Crime, Drama, Biography, Thriller",65157,"2017-12-12",
tt9698480,8,2020-05-08,"The Stranger","The Stranger",https://www.imdb.com/title/tt9698480,TV Mini Series,7.2,45,2020,"Mystery, Thriller, Crime, Drama",64855,"2020-01-30",
tt0264464,8,2020-04-26,"Catch Me If You Can","Catch Me If You Can",https://www.imdb.com/title/tt0264464,Movie,8.1,141,2002,"Drama, Biography, Crime",1142805,"2003-01-31","Steven Spielberg"
tt0840361,8,2020-04-23,"The Town","The Town",https://www.imdb.com/title/tt0840361,Movie,7.5,125,2010,"Drama, Thriller, Crime",426181,"2010-09-24","Ben Affleck"
tt0499549,7,2020-04-23,"Avatar","Avatar",https://www.imdb.com/title/tt0499549,Movie,7.9,162,2009,"Sci-Fi, Action, Adventure, Fantasy",1416679,"2009-12-17","James Cameron"
tt5727208,8,2020-04-19,"Uncut Gems","Uncut Gems",https://www.imdb.com/title/tt5727208,Movie,7.4,135,2019,"Drama, Crime, Thriller",330002,"2020-01-31","Benny Safdie,Josh Safdie"
tt0477348,8,2020-04-19,"No Country for Old Men","No Country for Old Men",https://www.imdb.com/title/tt0477348,Movie,8.2,122,2007,"Thriller, Crime, Drama",1102360,"2008-01-18","Ethan Coen,Joel Coen"
tt0361748,8,2020-04-15,"Inglourious Basterds","Inglourious Basterds",https://www.imdb.com/title/tt0361748,Movie,8.4,153,2009,"War, Adventure, Drama",1648863,"2009-08-19","Quentin Tarantino"
tt1980209,7,2020-04-15,"Pain & Gain","Pain & Gain",https://www.imdb.com/title/tt1980209,Movie,6.4,129,2013,"Drama, Comedy, Crime, Biography, Mystery, Action",234495,"2013-08-30","Michael Bay"
tt1385826,8,2020-04-12,"The Adjustment Bureau","The Adjustment Bureau",https://www.imdb.com/title/tt1385826,Movie,7.0,106,2011,"Romance, Thriller, Sci-Fi, Crime, Mystery, Drama",275572,"2011-03-04","George Nolfi"
tt5742374,7,2020-04-07,"You Were Never Really Here","You Were Never Really Here",https://www.imdb.com/title/tt5742374,Movie,6.7,89,2017,"Drama, Crime, Thriller",130578,"2018-03-09","Lynne Ramsay"
tt1454468,9,2020-04-03,"Gravity","Gravity",https://www.imdb.com/title/tt1454468,Movie,7.7,91,2013,"Sci-Fi, Thriller, Drama",876235,"2013-11-07","Alfonso Cuarón"
tt0111161,10,2020-04-02,"The Shawshank Redemption","The Shawshank Redemption",https://www.imdb.com/title/tt0111161,Movie,9.3,142,1994,"Drama",2992682,"1995-02-17","Frank Darabont"
tt1152836,8,2020-03-31,"Public Enemies","Public Enemies",https://www.imdb.com/title/tt1152836,Movie,6.9,140,2009,"Crime, Drama, Biography, History",325411,"2009-07-01","Michael Mann"
tt6292852,7,2020-03-28,"I Am Mother","I Am Mother",https://www.imdb.com/title/tt6292852,Movie,6.7,113,2019,"Sci-Fi, Thriller, Drama, Mystery",101950,"2019-06-07","Grant Sputore"
tt2798920,7,2020-03-27,"Annihilation","Annihilation",https://www.imdb.com/title/tt2798920,Movie,6.8,115,2018,"Sci-Fi, Thriller, Drama, Mystery, Adventure, Horror",373731,"2018-03-12","Alex Garland"
tt0407887,8,2020-03-26,"The Departed","The Departed",https://www.imdb.com/title/tt0407887,Movie,8.5,151,2006,"Crime, Drama, Thriller",1466546,"2006-10-06","Martin Scorsese"
tt7131622,7,2020-03-26,"Once Upon a Time... in Hollywood","Once Upon a Time in... Hollywood",https://www.imdb.com/title/tt7131622,Movie,7.6,161,2019,"Drama, Comedy",886740,"2019-08-14","Quentin Tarantino"
tt2261227,8,2020-03-21,"Altered Carbon","Altered Carbon",https://www.imdb.com/title/tt2261227,TV Series,7.9,60,2018,"Sci-Fi, Drama, Action, Adventure",194217,"2018-02-02",
tt0452623,8,2020-03-05,"Gone Baby Gone","Gone Baby Gone",https://www.imdb.com/title/tt0452623,Movie,7.6,114,2007,"Drama, Mystery, Crime, Thriller",299531,"2008-06-06","Ben Affleck"
tt0181689,8,2020-03-03,"Minority Report","Minority Report",https://www.imdb.com/title/tt0181689,Movie,7.6,145,2002,"Crime, Sci-Fi, Mystery, Thriller, Action",597002,"2002-07-04","Steven Spielberg"
tt2866360,7,2020-02-28,"Coherence","Coherence",https://www.imdb.com/title/tt2866360,Movie,7.2,89,2013,"Sci-Fi, Thriller, Mystery",155502,"2015-02-13","James Ward Byrkit"
tt1883367,2,2020-02-11,"The Human Centipede III (Final Sequence)","The Human Centipede III (Final Sequence)",https://www.imdb.com/title/tt1883367,Movie,2.7,102,2015,"Horror, Comedy",20850,"2015-07-10","Tom Six"
tt2872718,8,2020-02-06,"Nightcrawler","Nightcrawler",https://www.imdb.com/title/tt2872718,Movie,7.8,117,2014,"Crime, Thriller, Drama",627157,"2014-10-31","Dan Gilroy"
tt0137523,9,2020-02-04,"Fight Club","Fight Club",https://www.imdb.com/title/tt0137523,Movie,8.8,139,1999,"Drama",2419821,"1999-11-12","David Fincher"
tt1302006,8,2020-01-08,"The Irishman","The Irishman",https://www.imdb.com/title/tt1302006,Movie,7.8,209,2019,"Crime, Drama, Biography, History, Thriller",446268,"2019-11-27","Martin Scorsese"
tt1119646,8,2019-11-20,"The Hangover","The Hangover",https://www.imdb.com/title/tt1119646,Movie,7.7,100,2009,"Comedy",873603,"2009-06-12","Todd Phillips"
tt0372784,8,2019-11-20,"Batman Begins","Batman Begins",https://www.imdb.com/title/tt0372784,Movie,8.2,140,2005,"Action, Drama",1625077,"2005-06-16","Christopher Nolan"
tt1568346,8,2019-11-19,"The Girl with the Dragon Tattoo","The Girl with the Dragon Tattoo",https://www.imdb.com/title/tt1568346,Movie,7.8,158,2011,"Drama, Thriller, Crime, Mystery",508172,"2011-12-26","David Fincher"
tt5715874,7,2019-11-19,"The Killing of a Sacred Deer","The Killing of a Sacred Deer",https://www.imdb.com/title/tt5715874,Movie,7.0,121,2017,"Drama, Mystery, Thriller, Horror",200279,"2017-11-03","Yorgos Lanthimos"
tt0443706,8,2019-11-19,"Zodiac","Zodiac",https://www.imdb.com/title/tt0443706,Movie,7.7,157,2007,"Drama, Thriller, Crime, Mystery",624917,"2007-05-18","David Fincher"
tt7286456,9,2019-11-14,"Joker","Joker",https://www.imdb.com/title/tt7286456,Movie,8.3,122,2019,"Crime, Drama, Thriller",1578379,"2019-10-04","Todd Phillips"
tt2316411,7,2019-11-14,"Enemy","Enemy",https://www.imdb.com/title/tt2316411,Movie,6.9,91,2013,"Thriller, Mystery, Drama",223136,"2015-01-02","Denis Villeneuve"
tt1911644,8,2019-11-05,"The Call","The Call",https://www.imdb.com/title/tt1911644,Movie,6.7,96,2013,"Thriller, Drama",131590,"2013-09-20","Brad Anderson"
tt7984766,8,2019-11-05,"The King","The King",https://www.imdb.com/title/tt7984766,Movie,7.3,140,2019,"Drama, Biography, History, Romance, War",160996,"2019-11-01","David Michôd"
tt1219289,7,2019-09-30,"Limitless","Limitless",https://www.imdb.com/title/tt1219289,Movie,7.4,105,2011,"Thriller, Sci-Fi",624277,"2011-03-23","Neil Burger"
tt7366338,8,2019-09-30,"Chernobyl","Chernobyl",https://www.imdb.com/title/tt7366338,TV Mini Series,9.3,60,2019,"Drama, History, Thriller",922800,"2019-05-07",
tt1130884,8,2019-09-21,"Shutter Island","Shutter Island",https://www.imdb.com/title/tt1130884,Movie,8.2,138,2010,"Thriller, Mystery, Drama",1520027,"2010-03-12","Martin Scorsese"
tt0488120,7,2019-09-20,"Fracture","Fracture",https://www.imdb.com/title/tt0488120,Movie,7.2,113,2007,"Crime, Drama, Thriller",224877,"2007-04-20","Gregory Hoblit"
tt1392214,8,2019-09-12,"Prisoners","Prisoners",https://www.imdb.com/title/tt1392214,Movie,8.2,153,2013,"Crime, Drama, Thriller, Mystery",851117,"2013-09-27","Denis Villeneuve"
tt2267998,8,2019-09-09,"Gone Girl","Gone Girl",https://www.imdb.com/title/tt2267998,Movie,8.1,149,2014,"Thriller, Drama, Mystery",1104216,"2014-10-02","David Fincher"
tt2053463,7,2019-09-09,"Side Effects","Side Effects",https://www.imdb.com/title/tt2053463,Movie,7.1,106,2013,"Thriller, Crime, Drama, Mystery",199829,"2013-03-08","Steven Soderbergh"
tt0114369,8,2019-09-09,"Seven","Se7en",https://www.imdb.com/title/tt0114369,Movie,8.6,127,1995,"Mystery, Drama, Crime, Thriller",1872812,"1996-01-05","David Fincher"
tt1276104,8,2019-08-31,"Looper","Looper",https://www.imdb.com/title/tt1276104,Movie,7.4,119,2012,"Sci-Fi, Action, Thriller, Drama",613142,"2012-09-28","Rian Johnson"
tt3076658,7,2019-08-23,"Creed","Creed",https://www.imdb.com/title/tt3076658,Movie,7.6,133,2015,"Drama, Sport, Action",317915,"2016-01-15","Ryan Coogler"
tt1825683,7,2019-08-23,"Black Panther","Black Panther",https://www.imdb.com/title/tt1825683,Movie,7.3,134,2018,"Action, Adventure, Sci-Fi",861446,"2018-02-13","Ryan Coogler"
tt0451279,7,2019-08-23,"Wonder Woman","Wonder Woman",https://www.imdb.com/title/tt0451279,Movie,7.3,141,2017,"Action, Adventure, Fantasy, Sci-Fi, War",713608,"2017-06-01","Patty Jenkins"
tt4154664,7,2019-08-23,"Captain Marvel","Captain Marvel",https://www.imdb.com/title/tt4154664,Movie,6.8,123,2019,"Action, Adventure, Sci-Fi",628601,"2019-03-08","Anna Boden,Ryan Fleck"
tt1345836,8,2019-08-23,"The Dark Knight Rises","The Dark Knight Rises",https://www.imdb.com/title/tt1345836,Movie,8.4,164,2012,"Action, Drama, Thriller",1887312,"2012-07-20","Christopher Nolan"
tt0808151,8,2019-08-23,"Angels & Demons","Angels & Demons",https://www.imdb.com/title/tt0808151,Movie,6.7,138,2009,"Mystery, Thriller",315065,"2009-05-14","Ron Howard"
tt1318514,8,2019-08-23,"Rise of the Planet of the Apes","Rise of the Planet of the Apes",https://www.imdb.com/title/tt1318514,Movie,7.6,105,2011,"Action, Sci-Fi, Drama, Thriller",588292,"2011-08-11","Rupert Wyatt"
tt2103281,8,2019-08-23,"Dawn of the Planet of the Apes","Dawn of the Planet of the Apes",https://www.imdb.com/title/tt2103281,Movie,7.6,130,2014,"Action, Adventure, Drama, Sci-Fi, Thriller",495894,"2014-07-17","Matt Reeves"
tt1270797,7,2019-08-23,"Venom","Venom",https://www.imdb.com/title/tt1270797,Movie,6.6,112,2018,"Action, Sci-Fi, Adventure",567374,"2018-10-03","Ruben Fleischer"
tt0482571,9,2019-08-23,"The Prestige","The Prestige",https://www.imdb.com/title/tt0482571,Movie,8.5,130,2006,"Drama, Thriller, Mystery, Sci-Fi",1490772,"2006-11-10","Christopher Nolan"
tt2397535,8,2019-08-23,"Predestination","Predestination",https://www.imdb.com/title/tt2397535,Movie,7.4,97,2014,"Sci-Fi, Thriller, Drama, Action",317732,"2015-02-20","Michael Spierig,Peter Spierig"
tt1850397,8,2019-08-23,"The Loft","The Loft",https://www.imdb.com/title/tt1850397,Movie,6.3,108,2014,"Thriller, Mystery, Romance",61013,"2014-10-15","Erik Van Looy"
tt0945513,8,2019-08-23,"Source Code","Source Code",https://www.imdb.com/title/tt0945513,Movie,7.5,93,2011,"Sci-Fi, Thriller, Action, Drama, Mystery",562495,"2011-04-01","Duncan Jones"
tt0816692,9,2019-08-23,"Interstellar","Interstellar",https://www.imdb.com/title/tt0816692,Movie,8.7,169,2014,"Sci-Fi, Adventure, Drama",2255938,"2014-11-07","Christopher Nolan"
tt1515091,8,2019-07-27,"Sherlock Holmes: A Game of Shadows","Sherlock Holmes: A Game of Shadows",https://www.imdb.com/title/tt1515091,Movie,7.4,129,2011,"Mystery, Action, Adventure",489112,"2011-12-16","Guy Ritchie"
tt0988045,8,2019-07-27,"Sherlock Holmes","Sherlock Holmes",https://www.imdb.com/title/tt0988045,Movie,7.6,128,2009,"Adventure, Mystery, Action",684796,"2009-12-26","Guy Ritchie"
tt0382625,8,2019-07-18,"The Da Vinci Code","The Da Vinci Code",https://www.imdb.com/title/tt0382625,Movie,6.6,149,2006,"Thriller, Mystery",468485,"2006-05-19","Ron Howard"
tt2481498,8,2019-07-17,"Extremely Wicked, Shockingly Evil and Vile","Extremely Wicked, Shockingly Evil and Vile",https://www.imdb.com/title/tt2481498,Movie,6.7,110,2019,"Thriller, Biography, Crime, Drama, Mystery",107651,"2019-05-03","Joe Berlinger"
tt6823368,8,2019-07-16,"Glass","Glass",https://www.imdb.com/title/tt6823368,Movie,6.6,129,2019,"Thriller, Drama, Sci-Fi, Horror",288449,"2019-01-18","M. Night Shyamalan"
tt3062096,7,2019-07-16,"Inferno","Inferno",https://www.imdb.com/title/tt3062096,Movie,6.2,121,2016,"Thriller, Mystery, Action, Crime, Drama, Adventure",193946,"2016-10-14","Ron Howard"
tt6048596,8,2019-07-02,"The Sinner","The Sinner",https://www.imdb.com/title/tt6048596,TV Series,7.8,45,2017,"Thriller, Drama, Mystery, Crime",144033,"2017-11-07",
tt7902072,8,2019-04-02,"Safe","Safe",https://www.imdb.com/title/tt7902072,TV Mini Series,7.2,45,2018,"Drama, Mystery, Crime, Thriller",55981,"2018-05-10",
tt6644200,7,2018-11-05,"A Quiet Place","A Quiet Place",https://www.imdb.com/title/tt6644200,Movie,7.5,90,2018,"Drama, Horror, Sci-Fi",619169,"2018-04-05","John Krasinski"
tt5164214,7,2018-11-05,"Ocean's Eight","Ocean's Eight",https://www.imdb.com/title/tt5164214,Movie,6.3,110,2018,"Crime, Action, Comedy",249295,"2018-06-18","Gary Ross"
tt2005151,8,2018-11-05,"War Dogs","War Dogs",https://www.imdb.com/title/tt2005151,Movie,7.1,114,2016,"Comedy, Drama, War, Crime, Biography",271456,"2016-08-26","Todd Phillips"
tt2872732,6,2018-10-27,"Lucy","Lucy",https://www.imdb.com/title/tt2872732,Movie,6.4,89,2014,"Action, Sci-Fi, Thriller",549733,"2014-08-22","Luc Besson"
tt4877122,5,2018-10-27,"The Emoji Movie","The Emoji Movie",https://www.imdb.com/title/tt4877122,Movie,3.4,86,2017,"Animation, Comedy, Family, Adventure, Fantasy, Sci-Fi",74259,"2017-08-04","Tony Leondis"
tt1014763,8,2018-10-25,"Child 44","Child 44",https://www.imdb.com/title/tt1014763,Movie,6.4,137,2015,"Crime, Thriller, Drama, History, Mystery",77171,"2015-04-17","Daniel Espinosa"
tt5758778,6,2018-10-15,"Skyscraper","Skyscraper",https://www.imdb.com/title/tt5758778,Movie,5.8,102,2018,"Action, Thriller, Adventure",138430,"2018-07-12","Rawson Marshall Thurber"
tt3411444,6,2018-04-03,"Ferdinand","Ferdinand",https://www.imdb.com/title/tt3411444,Movie,6.7,108,2017,"Animation, Family, Adventure, Comedy, Drama",66804,"2017-12-22","Carlos Saldanha"
tt1590193,6,2018-04-01,"The Commuter","The Commuter",https://www.imdb.com/title/tt1590193,Movie,6.3,104,2018,"Mystery, Thriller, Action",128467,"2018-01-19","Jaume Collet-Serra"
tt3501632,7,2018-03-09,"Thor: Ragnarok","Thor: Ragnarok",https://www.imdb.com/title/tt3501632,Movie,7.9,130,2017,"Action, Sci-Fi, Adventure, Comedy, Fantasy",842659,"2017-10-24","Taika Waititi"
tt3470600,8,2018-02-28,"Sing","Sing",https://www.imdb.com/title/tt3470600,Movie,7.1,108,2016,"Animation, Musical, Comedy, Family",199646,"2017-01-27","Garth Jennings,Christophe Lourdelet"
tt5001754,6,2018-02-24,"Braven","Braven",https://www.imdb.com/title/tt5001754,Movie,5.9,94,2018,"Action, Thriller",42814,"2018-02-02","Lin Oeding"
tt3829920,8,2018-02-18,"Only the Brave","Only the Brave",https://www.imdb.com/title/tt3829920,Movie,7.6,134,2017,"Drama, Biography, Action",80949,"2017-11-10","Joseph Kosinski"
tt5013056,7,2018-02-18,"Dunkirk","Dunkirk",https://www.imdb.com/title/tt5013056,Movie,7.8,106,2017,"War, Drama, Action, History, Thriller",762952,"2017-07-21","Christopher Nolan"
tt1231583,7,2018-02-18,"Due Date","Due Date",https://www.imdb.com/title/tt1231583,Movie,6.5,95,2010,"Comedy, Drama",362993,"2010-11-05","Todd Phillips"
tt5657846,7,2018-02-11,"Daddy's Home 2","Daddy's Home 2",https://www.imdb.com/title/tt5657846,Movie,6.0,100,2017,"Comedy",86920,"2017-11-22","Sean Anders"
tt4555426,8,2018-02-09,"Darkest Hour","Darkest Hour",https://www.imdb.com/title/tt4555426,Movie,7.4,125,2017,"Drama, War",227730,"2018-01-12","Joe Wright"
tt3532216,8,2018-01-12,"American Made","American Made",https://www.imdb.com/title/tt3532216,Movie,7.1,115,2017,"Crime, Action, Comedy, Drama",216481,"2017-08-25","Doug Liman"
tt0993846,9,2017-12-13,"The Wolf of Wall Street","The Wolf of Wall Street",https://www.imdb.com/title/tt0993846,Movie,8.2,180,2013,"Crime, Drama, Biography, Comedy",1651945,"2014-01-17","Martin Scorsese"
tt4972582,8,2017-12-13,"Split","Split",https://www.imdb.com/title/tt4972582,Movie,7.3,117,2016,"Thriller, Horror",580846,"2017-01-20","M. Night Shyamalan"
tt0443272,9,2017-11-14,"Lincoln","Lincoln",https://www.imdb.com/title/tt0443272,Movie,7.3,150,2012,"Drama, Biography, History, War",276751,"2013-01-25","Steven Spielberg"
tt1355683,7,2017-11-04,"Black Mass","Black Mass",https://www.imdb.com/title/tt1355683,Movie,6.8,123,2015,"Drama, Crime, Biography",196493,"2015-11-25","Scott Cooper"
tt3606752,7,2017-10-16,"Cars 3","Cars 3",https://www.imdb.com/title/tt3606752,Movie,6.7,102,2017,"Animation, Comedy, Family, Sport, Adventure",131842,"2017-07-14","Brian Fee"
tt3450958,8,2017-10-07,"War for the Planet of the Apes","War for the Planet of the Apes",https://www.imdb.com/title/tt3450958,Movie,7.4,140,2017,"Action, Drama, Sci-Fi, Adventure, Thriller",311897,"2017-07-11","Matt Reeves"
tt1396484,7,2017-10-07,"It","It",https://www.imdb.com/title/tt1396484,Movie,7.3,135,2017,"Horror",633450,"2017-09-08","Andy Muschietti"
tt0468569,9,2017-10-07,"The Dark Knight","The Dark Knight",https://www.imdb.com/title/tt0468569,Movie,9.0,152,2008,"Drama, Crime, Thriller, Action",2972561,"2008-07-24","Christopher Nolan"
tt2802144,8,2017-10-01,"Kingsman: The Secret Service","Kingsman: The Secret Service",https://www.imdb.com/title/tt2802144,Movie,7.7,129,2014,"Adventure, Action, Comedy, Thriller",741918,"2015-01-29","Matthew Vaughn"
tt1959563,8,2017-10-01,"The Hitman's Bodyguard","The Hitman's Bodyguard",https://www.imdb.com/title/tt1959563,Movie,6.9,118,2017,"Action, Comedy, Thriller, Crime",253333,"2017-08-17","Patrick Hughes"
tt4481514,7,2017-09-23,"The House","The House",https://www.imdb.com/title/tt4481514,Movie,5.6,88,2017,"Comedy, Crime",48237,"2017-06-30","Andrew Jay Cohen"
tt1355631,8,2017-05-29,"The Infiltrator","The Infiltrator",https://www.imdb.com/title/tt1355631,Movie,7.0,127,2016,"Crime, Drama, Biography, Thriller",81622,"2016-09-16","Brad Furman"
tt2119532,8,2017-05-27,"Hacksaw Ridge","Hacksaw Ridge",https://www.imdb.com/title/tt2119532,Movie,8.1,139,2016,"Drama, War, History, Biography",623613,"2017-01-26","Mel Gibson"
tt1663202,9,2017-02-18,"The Revenant","The Revenant",https://www.imdb.com/title/tt1663202,Movie,8.0,156,2015,"Adventure, Drama, Western, Action",899387,"2016-01-15","Alejandro G. Iñárritu"
tt1212450,6,2017-02-18,"Lawless","Lawless",https://www.imdb.com/title/tt1212450,Movie,7.2,116,2012,"Drama, Crime, Biography, Thriller",257152,"2012-09-07","John Hillcoat"
tt2140479,7,2017-02-18,"The Accountant","The Accountant",https://www.imdb.com/title/tt2140479,Movie,7.3,128,2016,"Thriller, Action, Crime, Drama",334913,"2016-11-04","Gavin O'Connor"
tt3569230,7,2017-01-29,"Legend","Legend",https://www.imdb.com/title/tt3569230,Movie,6.9,132,2015,"Thriller, Biography, Crime, Drama",210488,"2015-09-09","Brian Helgeland"
